room	dayid	speaker	utterance
room_01	1	[SPK--TEXTCHAT01]	こんばんは、よろしくお願いします！
room_01	1	[SPK--TEXTCHAT02]	初めまして。これからよろしくお願いします！
room_01	1	[SPK--TEXTCHAT01]	[SPK--TEXTCHAT02]さんとお呼びしてもよろしいでしょうか？
room_01	1	[SPK--TEXTCHAT01]	わたしは「[SPK--TEXTCHAT01]」でもなんでも大丈夫です！
room_01	1	[SPK--TEXTCHAT02]	はい！[SPK--TEXTCHAT02]でお願いします。
room_01	1	[SPK--TEXTCHAT02]	いきなりですが、簡単に自己紹介させていただいてよろしいですか？
room_01	1	[SPK--TEXTCHAT01]	はい！是非お願いします
room_01	1	[SPK--TEXTCHAT02]	"[SPK--TEXTCHAT02]と申します。
今学生でして、来年から社会人になります！
埼玉出身です。
うさぎを飼ってて溺愛してます。
簡単な自己紹介にはなりますが、これからよろしくお願いします！"
room_01	1	[SPK--TEXTCHAT01]	"[SPK--TEXTCHAT01]です。
私も学生です！出身は色々あってイギリスです()
好きなことは歌うことと音楽を聴くことです！
よろしくお願いします。"
room_01	1	[SPK--TEXTCHAT01]	うさぎ飼ってるんですね！動物って愛くるしくて癒されますよね…
room_01	1	[SPK--TEXTCHAT02]	"イギリスなんですか？！
気になりますが聞かないでおきます"
room_01	1	[SPK--TEXTCHAT02]	私もカラオケでよく歌います！
room_01	1	[SPK--TEXTCHAT02]	音楽は何聴くんですか？
room_01	1	[SPK--TEXTCHAT01]	"親の仕事上でイギリスで生まれただけです笑
カラオケいいですね！
ヨルシカが一番よく聞きますね。"
room_01	1	[SPK--TEXTCHAT02]	"あ、そうなんですね笑
聞いちゃいけないやつかと笑"
room_01	1	[SPK--TEXTCHAT02]	"ヨルシカいいですよね！
私もよく聴きます"
room_01	1	[SPK--TEXTCHAT02]	八月、某、月明かりがすごい好きです
room_01	1	[SPK--TEXTCHAT01]	"全然です！ごめんなさい含み持たせてしまって笑
私も好きです！！
八月と憂一乗がすごいすきで散歩しながら聞くのが最近のマイブームです…"
room_01	2	[SPK--TEXTCHAT02]	"おはようございます！
散歩とヨルシカは最高にエモいですね..."
room_01	2	[SPK--TEXTCHAT01]	"おはようございます?
MVを見るより、本当の空とか風景を見ながら聞くとすごくエモいですね…
ぜひやってみてください！"
room_01	2	[SPK--TEXTCHAT02]	憂一乗聞きながら景色見てみてみます
room_01	2	[SPK--TEXTCHAT02]	今学校はいってますか？
room_01	2	[SPK--TEXTCHAT01]	"夜空が湖の底に見えてすごくグッときますよ…
オンラインなので行ってないですね"
room_01	2	[SPK--TEXTCHAT02]	近くに湖があるんですか？
room_01	2	[SPK--TEXTCHAT02]	やっぱそうですよねえ
room_01	2	[SPK--TEXTCHAT01]	"あ、違くて笑
憂一乗の歌詞に「湖の底にいるみたいだ」ってのがあるので笑
たまに行くことありますけど、いちいち書類出さないと行けないのが面倒なんですよね…"
room_01	2	[SPK--TEXTCHAT02]	"あ、そういうことですね笑
てっきり湖のある自然豊かなところに暮らしているのかと笑"
room_01	2	[SPK--TEXTCHAT02]	書類もオンラインにしてくれればいいですねぇ
room_01	2	[SPK--TEXTCHAT02]	なに勉強されてるんですか？
room_01	3	[SPK--TEXTCHAT01]	"将来は湖とか海の見える場所でゆったりと過ごしたいですね！
わかります…
私は音楽を勉強してますよ?"
room_01	3	[SPK--TEXTCHAT02]	音楽ですか！！
room_01	3	[SPK--TEXTCHAT02]	それは音大生ということですか？
room_01	3	[SPK--TEXTCHAT01]	そうです！
room_01	3	[SPK--TEXTCHAT02]	"かっこいいですね！
私の姉も音大に行ってましたが、すごい憧れがあります"
room_01	3	[SPK--TEXTCHAT02]	作曲とかですか？
room_01	3	[SPK--TEXTCHAT01]	そうなんですね！自分は歌の方ですね！
room_01	3	[SPK--TEXTCHAT02]	歌上手いの羨ましいです
room_01	3	[SPK--TEXTCHAT02]	カラオケ行っても80点しかだせないので、、笑
room_01	4	[SPK--TEXTCHAT01]	カラオケと歌が上手いは比例しないので大丈夫ですよ！
room_01	4	[SPK--TEXTCHAT01]	人が聞いて心地よい歌い方ができてればそれでいいと思います！
room_01	4	[SPK--TEXTCHAT02]	"そうですよね..！！魂で歌います！
愚問かもしれないですが、ちなみにカラオケで何点ですか？"
room_01	4	[SPK--TEXTCHAT01]	魂！笑笑
room_01	4	[SPK--TEXTCHAT01]	曲にもよりますけれどいい時は98点とかですかね…
room_01	4	[SPK--TEXTCHAT02]	す、すごい、、
room_01	4	[SPK--TEXTCHAT02]	生まれ変わったら歌上手い人間になりたい、、
room_01	4	[SPK--TEXTCHAT01]	歌は誰でも上手くなれるので諦めないでください！
room_01	4	[SPK--TEXTCHAT01]	わたしは全然上手くなかったけど高校の頃頑張ってやってきてたので！
room_01	5	[SPK--TEXTCHAT02]	上手くなるになにを頑張ればいいんですか？
room_01	5	[SPK--TEXTCHAT01]	そうですね…
room_01	5	[SPK--TEXTCHAT01]	例えば1番苦手とすることってなんですか？
room_01	5	[SPK--TEXTCHAT01]	音程をとるのが苦手とか
room_01	5	[SPK--TEXTCHAT01]	リズムが難しいとか
room_01	5	[SPK--TEXTCHAT02]	音程は取れるんですが、音域が狭くて少し高い音になるだけで歌うのが苦しいです、、
room_01	5	[SPK--TEXTCHAT01]	ふむふむ
room_01	5	[SPK--TEXTCHAT01]	音域が狭いことは努力でどうにか出来ますのでいくつか紹介しますね！
room_01	5	[SPK--TEXTCHAT01]	"高い音は何度も何度も挑戦して失敗することで体が感覚を掴むようになります。
なのでまず、挑戦することを辞めないことが大事だと思います。"
room_01	5	[SPK--TEXTCHAT01]	"あとは姿勢が結構大事かもですね、
高い音を出す時に顎が前に出たり、首が前に出たり、喉にすごい力が入ったり、肩に力が入ったり、膝を曲げちゃったりとか当てはまるものがあれば改善の余地ありですれ"
room_01	5	[SPK--TEXTCHAT02]	"なるほど?
姿勢はあまり気にしたことなかったですね
参考になりますありがとうございます！！"
room_01	5	[SPK--TEXTCHAT02]	今日もカラオケいったんですが平均点を超えられずでした、、笑
room_01	5	[SPK--TEXTCHAT02]	頑張って練習します
room_01	6	[SPK--TEXTCHAT01]	カラオケは音程とリズムが正確だとある程度は取れるので
room_01	6	[SPK--TEXTCHAT01]	まずはリズムと音程をしっかりとることですね！
room_01	6	[SPK--TEXTCHAT01]	自分の声を録音して本家と聴き比べて違うところを見つけるのが1番良いかと……！
room_01	7	[SPK--TEXTCHAT02]	録音して聴いてみます
room_01	7	[SPK--TEXTCHAT02]	[SPK--TEXTCHAT01]さんは音大でどんなジャンルを歌いっているんですか？
room_01	7	[SPK--TEXTCHAT01]	大学ではオペラとかミュージカル系統ですけど
room_01	7	[SPK--TEXTCHAT01]	外部だと普通にポップスやボカロ歌ってますよ
room_01	7	[SPK--TEXTCHAT02]	オペラカッコいいですね！聴いてみたいです
room_01	7	[SPK--TEXTCHAT01]	1度舞台の見に行ってみてはどうでしょうか？
room_01	7	[SPK--TEXTCHAT01]	わたしはオペラみると寝ちゃう人なのでおすすめと言えるのがないのですが…笑
room_01	7	[SPK--TEXTCHAT02]	オペラを歌う方でも寝ちゃうんですね笑
room_01	7	[SPK--TEXTCHAT02]	けど私もオペラは見に行ったことないですが、クラシックとか聴きに行くとすぐに寝ちゃうんで気持ちすごいんわかります
room_01	7	[SPK--TEXTCHAT01]	f/1ゆらぎっていうのがあって
room_01	7	[SPK--TEXTCHAT01]	いわゆる、聞いているとリラックスできる曲とかにあるらしいんですけど
room_01	7	[SPK--TEXTCHAT01]	クラシックは大体そうらしいので眠くなるのは仕方ないらしいです！
room_01	7	[SPK--TEXTCHAT02]	"ゆらぎですか
だからあんなに心地よい眠りにつけるんですね?"
room_01	8	[SPK--TEXTCHAT01]	ASMRとか自然の音もそうらしいですね
room_01	8	[SPK--TEXTCHAT01]	歌手だと宇多田ヒカルとか嵐の大野さん、ひげだんの藤原さんとかだそうです！
room_01	8	[SPK--TEXTCHAT02]	たしかにどのアーティストさんも心地よい歌声してますわ
room_01	8	[SPK--TEXTCHAT02]	音の理論とか興味あるのでぜひもっと教えてほしいです！
room_01	8	[SPK--TEXTCHAT02]	実は今年の春から電子ピアノを作る会社に就職することになってまして、どうしたら良い音や歌が生まれるのかはこれから勉強する必要があるんです
room_01	8	[SPK--TEXTCHAT01]	ぜひ是非！私で教えられることがあれば…！
room_01	8	[SPK--TEXTCHAT01]	良い音っていうのは音質でしょうか？それとも音程のことでしょうか？
room_01	8	[SPK--TEXTCHAT02]	"音質ですね！
理論的にどういう音の発声や音質が良いのかって授業でやるんですか？"
room_01	8	[SPK--TEXTCHAT01]	"私が学業で学んでいるのはクラシックの声楽で、声楽は基本的にベルカント唱法が基本になります。
腹式呼吸で正しい姿勢と発声というのが決まっていてそのやり方が体に喉に負担の少ない歌い方として教えられますね。"
room_01	8	[SPK--TEXTCHAT01]	個人的な見解だと、正しい発声だとしても聞く方には正しくない歌い方でも好きになる歌声はあると思ってます。
room_01	8	[SPK--TEXTCHAT02]	ベルカント唱法ですか。初めて聞きました。
room_01	8	[SPK--TEXTCHAT02]	1/fゆらぎというのは天性のものなんですか？
room_01	8	[SPK--TEXTCHAT02]	それともやろうと思えばできるものなのでしょうか
room_01	8	[SPK--TEXTCHAT01]	私もベルカント唱法についてはまだまだ勉強不足です…
room_01	8	[SPK--TEXTCHAT01]	1/fゆらぎは声の場合は天性のものですね
room_01	8	[SPK--TEXTCHAT01]	多少音程の高低差を調整すればそれに近しいところまでは出来るそうです！
room_01	9	[SPK--TEXTCHAT02]	人ができるのは天性として、機械などでゆらぎを出すのはできるんですかね
room_01	9	[SPK--TEXTCHAT02]	音程の高低差も重要なんですね
room_01	9	[SPK--TEXTCHAT01]	機械の出す音色と音程によるとは思います。
room_01	9	[SPK--TEXTCHAT01]	"実際、落ち着く音程が定義されていたとしても発せられる音色が不快だとリラックスは出来ないと思いますし、
ヴァイオリンの綺麗な音色だとしても高音域の連続的な演奏だと快楽より恐怖の印象をつけやすいですからね"
room_01	9	[SPK--TEXTCHAT02]	音色と音程の両方が必要ということですね
room_01	9	[SPK--TEXTCHAT02]	[SPK--TEXTCHAT01]さんが音楽に目覚めたのはいつからだったんですか？
room_01	9	[SPK--TEXTCHAT01]	だと思います、声質は良くても高い声って大きくてびっくりしますし、低い声は怪しげな雰囲気があったりしますからね
room_01	9	[SPK--TEXTCHAT01]	目覚めたというとあれですけど、ほんとに些細なもので
room_01	9	[SPK--TEXTCHAT01]	高校進学を考えてた時に音楽の先生に薦められた高校が音楽に強いところでその流れで触れていく中で好きになった感じですかね、、
room_01	9	[SPK--TEXTCHAT01]	高校以前は普通に音楽を聞いてたアウトドアな人でした笑
room_01	9	[SPK--TEXTCHAT02]	音楽の先生に薦められたのがターニングポイントとは珍しいですね！
room_01	9	[SPK--TEXTCHAT02]	アウトドアっていうのはキャンプでも行っててんですか？笑
room_01	10	[SPK--TEXTCHAT01]	不純な動機ですよね笑笑
room_01	10	[SPK--TEXTCHAT01]	キャンプもしてましたしスポーツもいろいろやってましたね！
room_01	10	[SPK--TEXTCHAT02]	音楽の始まりに不純なものはないですよ！
room_01	10	[SPK--TEXTCHAT02]	それはもう完全にアウトドアですね
room_01	10	[SPK--TEXTCHAT02]	スポーツはなにしてたんですか？
room_01	10	[SPK--TEXTCHAT01]	スポーツはサッカーとテコンドーとテニスしてましたね
room_01	10	[SPK--TEXTCHAT01]	放課後も運動してましたね！
room_01	11	[SPK--TEXTCHAT02]	多才ですね！
room_01	11	[SPK--TEXTCHAT02]	その組み合わせをやってる人は初めて聞きました笑
room_01	11	[SPK--TEXTCHAT01]	親に習わされた感じですね笑
room_01	11	[SPK--TEXTCHAT01]	バスケとかバレーとかは遊びや体育でやってましたね
room_01	11	[SPK--TEXTCHAT01]	今じゃ体力なくて全然できないかもですけど、、、
room_01	11	[SPK--TEXTCHAT02]	大学入ると体力一瞬で落ちますよね、、
room_01	12	[SPK--TEXTCHAT01]	運動しなくなりますからね、、
room_01	12	[SPK--TEXTCHAT02]	運動してなかったせいか最近5キロ太りました、、
room_01	12	[SPK--TEXTCHAT02]	カロリーとか気にせず生きてきたんですが最近気になるお年頃になってきました
room_01	12	[SPK--TEXTCHAT01]	わたしはその逆ですね、、、
room_01	12	[SPK--TEXTCHAT01]	物凄く体重減りました…
room_01	12	[SPK--TEXTCHAT02]	ほんとですか、、羨ましいです、、
room_01	12	[SPK--TEXTCHAT02]	家にいるからですかね、、？
room_01	13	[SPK--TEXTCHAT01]	胃が小さくなって食べる量が減ったんですよね
room_01	13	[SPK--TEXTCHAT02]	就活中はなぜか5キロ痩せたんですが、終わってラーメンばっか食べてたら太りました
room_01	13	[SPK--TEXTCHAT01]	ストレスのかかることをすると、やっぱり胃にものが入らなくなりますよね
room_01	13	[SPK--TEXTCHAT01]	ラーメンは太りますよね、でも美味しい…
room_01	13	[SPK--TEXTCHAT02]	そうみたいです
room_01	13	[SPK--TEXTCHAT02]	学校の近くにラーメン屋がいっぱいあってつい食べちゃうんですよねぇ
room_01	13	[SPK--TEXTCHAT01]	私の近くもいっぱいあって最初は沢山食べてたんですけど
room_01	13	[SPK--TEXTCHAT01]	胃が弱くなってラーメンあんまり食べなくなったんですよね…
room_01	13	[SPK--TEXTCHAT01]	ラーメンすごい好きなのに胃薬ない日は食べれない……。
room_01	14	[SPK--TEXTCHAT02]	胃薬ないとラーメン食べれないのは辛いですね、、
room_01	14	[SPK--TEXTCHAT02]	私も昔は胃腸が弱くてなにか食べるとすぐお腹壊してたんですけど、最近強くなったみたいでその結果太りました
room_01	14	[SPK--TEXTCHAT02]	胃腸の強さと体重は比例するみたいですね、、
room_01	14	[SPK--TEXTCHAT01]	胃薬あってもお腹は痛いんですけどね笑
room_01	14	[SPK--TEXTCHAT01]	強くなれるのは羨ましい限りです……。
room_01	14	[SPK--TEXTCHAT01]	あとは野菜生活になったのもありますね
room_01	14	[SPK--TEXTCHAT02]	野菜生活美味しいですよね！
room_01	14	[SPK--TEXTCHAT02]	マンゴーのやつと紫のやつが好きです
room_01	14	[SPK--TEXTCHAT02]	飲み物も優しい、、
room_01	15	[SPK--TEXTCHAT01]	"野菜生活と豆乳ならよく買います笑
マンゴーの美味しいですよね、、、
昔は全然そういったもの自分からは買って飲ま無かったんですけど笑"
room_01	15	[SPK--TEXTCHAT02]	豆乳はまだ好きになれない、、
room_01	15	[SPK--TEXTCHAT02]	歳をとるにつれ食べるものも変わってきますよね
room_01	15	[SPK--TEXTCHAT01]	牛乳が好きで豆乳は好きじゃなかったのですが、胃の調子の変化に伴って牛乳がダメになって豆乳が好きになりましたね
room_01	15	[SPK--TEXTCHAT01]	幼い頃から好きな物はサーモンですね笑
room_01	16	[SPK--TEXTCHAT02]	牛乳がダメで豆乳が好きとは珍しいですね
room_01	16	[SPK--TEXTCHAT02]	サーモンですか！
room_01	16	[SPK--TEXTCHAT02]	私はサーモンよりマグロ派です笑
room_01	16	[SPK--TEXTCHAT01]	味は好きなんですけどお腹壊しちゃうんですよね?
room_01	16	[SPK--TEXTCHAT01]	マグロは昔血の気の多い刺身を食べてからあんまり食べなくなったんですよね…
room_01	16	[SPK--TEXTCHAT01]	サーモン、エビ、あとは貝類とか大好きですね
room_01	16	[SPK--TEXTCHAT02]	たしかにマグロは当たり外れ大きいですよねぇ
room_01	16	[SPK--TEXTCHAT02]	サーモンエビあたりは当たり外れほぼないですよね
room_01	16	[SPK--TEXTCHAT02]	貝類はホタテと牡蠣は大好きです！
room_01	16	[SPK--TEXTCHAT02]	お寿司屋だと滅多に貝類は頼みませんが、、
room_01	16	[SPK--TEXTCHAT01]	美味しいマグロはとことこん美味しいですけどね、、、
room_01	16	[SPK--TEXTCHAT01]	自分も寿司屋さんとなるとサーモン、サーモン、サーモン！って感じになりますね笑
room_01	17	[SPK--TEXTCHAT02]	"大トロ中トロが大好きです、、
ずっと食べてられます"
room_01	17	[SPK--TEXTCHAT02]	サーモン大好きなんですね笑
room_01	17	[SPK--TEXTCHAT02]	サーモンの中だと炙りとろサーモンが好きです
room_01	17	[SPK--TEXTCHAT01]	中トロ美味しいですよね！
room_01	17	[SPK--TEXTCHAT01]	大トロはなかなか食べたことないので分からないですが名前からして美味しそうですね…
room_01	17	[SPK--TEXTCHAT01]	わかります！炙りは脂の多いサーモンをくどくなくしてくれるので最高の組み合わせですね！！
room_01	17	[SPK--TEXTCHAT02]	大トロは美味しいんですが一瞬で溶けてなくなってしまうので、中トロのほうがしっかり味わえて好きですね
room_01	17	[SPK--TEXTCHAT02]	そうなんですよ！ふつうのとろサーモンは結構脂っこいのが多くて食べててしんどくなる時があるので炙りがいいんですよね
room_01	17	[SPK--TEXTCHAT01]	"そんなにトロトロなんですね！
機会があれば食べてみます?
お肉の脂身に比べたら魚の油は健康的だしくどくないので全然いけちゃうんですけどね笑"
room_01	18	[SPK--TEXTCHAT02]	"ぜひ食べてください！
たまに回転寿司とかで安く食べれます！"
room_01	18	[SPK--TEXTCHAT02]	もう終わっちゃいましたが、この前スシローで大トロ100円セールやってました
room_01	18	[SPK--TEXTCHAT02]	お肉より魚派ですか？
room_01	18	[SPK--TEXTCHAT01]	そうなんですね！スシローの鮪は回転寿司のクオリティじゃないと言われてますからね、、今度行ってみます
room_01	18	[SPK--TEXTCHAT01]	どちらかというと魚ですね、単純にお腹に刺激の少ない脂なので笑
room_01	19	[SPK--TEXTCHAT02]	お腹に優しいもの重視なんですね笑
room_01	19	[SPK--TEXTCHAT01]	そうですね、、1度体調崩してからはなるべくガッツリしたものは食べないようにと気を使ってます笑
room_01	19	[SPK--TEXTCHAT02]	それじゃあ食べ放題とかはいかないですか？
room_01	19	[SPK--TEXTCHAT01]	"自分からは行かないですね
友人から誘われたら行きますよ！"
room_01	19	[SPK--TEXTCHAT01]	でもたまに焼肉沢山食べたいとか思うことはあります笑
room_01	19	[SPK--TEXTCHAT02]	焼肉食べ放題なら私は無限にいけます笑
room_01	19	[SPK--TEXTCHAT02]	北海道のジンギスカン食べたことありますか？
room_01	19	[SPK--TEXTCHAT01]	無限笑
room_01	19	[SPK--TEXTCHAT01]	"カルビとか食べるともう胃が……
ジンギスカン食べたことありますよ！"
room_01	19	[SPK--TEXTCHAT02]	カルビはたしかに脂が多いかもしれないですね
room_01	19	[SPK--TEXTCHAT02]	タンが最高です！
room_01	19	[SPK--TEXTCHAT02]	レモンかけて食べるのがたまらんです
room_01	19	[SPK--TEXTCHAT02]	北海道のジンギスカンがすごい美味しかったんで是非おすすめしたいです
room_01	19	[SPK--TEXTCHAT02]	ただ脂多めなので[SPK--TEXTCHAT01]さんには厳しいかもしれないですが、、笑
room_01	19	[SPK--TEXTCHAT01]	"タンは美味しいですよね……お肉の話してきたらお腹すきました笑
そうなんですね！！
コロナが収まったら行って食べてみます！"
room_01	19	[SPK--TEXTCHAT02]	ぜひ焼肉食べ放題行ってください！笑
room_01	20	[SPK--TEXTCHAT01]	おすすめのお店とかありますか？？
room_01	20	[SPK--TEXTCHAT02]	安くて美味しい食べ放題から焼肉キングですかね！
room_01	20	[SPK--TEXTCHAT02]	あと食べ放題じゃなければ俺の焼肉もオススメです！
room_01	20	[SPK--TEXTCHAT02]	ディナーは高いですがランチなら1000円程度で食べれます！
room_01	20	[SPK--TEXTCHAT01]	"焼肉キングと俺の焼肉、、メモしておきます！
あ、俺の焼肉は食べたことあるかもです！"
room_01	20	[SPK--TEXTCHAT02]	"ほんとですか！
俺の系好きで俺のイタリアンとかも行きます"
room_01	20	[SPK--TEXTCHAT01]	俺のフレンチとか行ってみたいですね、、
room_01	20	[SPK--TEXTCHAT02]	フレンチはまだ行けてないです、、
room_01	20	[SPK--TEXTCHAT02]	フレンチ料理好きなんですか？
room_01	20	[SPK--TEXTCHAT01]	すごく幼い頃に親に連れてってもらったフレンチ料理が美味しくてまた食べたいなあって思ってますね……
room_01	20	[SPK--TEXTCHAT02]	忘れられない味なんですね...
room_01	20	[SPK--TEXTCHAT02]	私は記憶の限りまだ食べたことないのでフレンチすごい気になります
room_01	20	[SPK--TEXTCHAT02]	イメージは庶民には合わない味だと思ってます..笑
room_01	20	[SPK--TEXTCHAT01]	高い=美味しいってイメージあると思います
room_01	20	[SPK--TEXTCHAT01]	上品な味ってこういうことなんだなって感じる味ですかね…笑
room_01	21	[SPK--TEXTCHAT02]	上品な味知りたいです
room_01	21	[SPK--TEXTCHAT02]	もう春休みですか？
room_01	21	[SPK--TEXTCHAT01]	そうですね春休みですね！
room_01	21	[SPK--TEXTCHAT02]	いいですね！私も一昨日から春休みになりました！
room_01	21	[SPK--TEXTCHAT02]	春休みは何してるんですか？
room_01	21	[SPK--TEXTCHAT01]	春休みは基本音楽活動してます！
room_01	21	[SPK--TEXTCHAT01]	なにかされる予定とかあるんですか？
room_01	21	[SPK--TEXTCHAT02]	音楽活動！！演奏会とかですか？
room_01	21	[SPK--TEXTCHAT02]	緊急事態解除されたら国内の卒業旅行に行きたいと思ってはいるんですけど、厳しそうですよね、、
room_01	21	[SPK--TEXTCHAT01]	"SNS上での活動ですね~
今年は卒業旅行厳しそうですよね、、、結構話題になってましたしね"
room_01	21	[SPK--TEXTCHAT02]	SNSに演奏を配信するんですか？
room_01	21	[SPK--TEXTCHAT02]	卒業旅行行けないのはほんとに悲しいです、、
room_01	21	[SPK--TEXTCHAT02]	卒業式すらもなさそうですからね?
room_13	1	[SPK--TEXTCHAT10]	初めまして！[SPK--TEXTCHAT10]と申します。これからよろしくお願いいたします。
room_13	1	[SPK--TEXTCHAT09]	はじめまして！[SPK--TEXTCHAT09]です！よろしくお願いします！
room_13	1	[SPK--TEXTCHAT10]	[SPK--TEXTCHAT09]さん！よろしくお願いしますー。
room_13	1	[SPK--TEXTCHAT10]	今日はお休みですか？
room_13	1	[SPK--TEXTCHAT09]	"今日は休みです?
[SPK--TEXTCHAT10]さんもお休みですか?？"
room_13	1	[SPK--TEXTCHAT10]	そうなんですね！私も休みです。
room_13	1	[SPK--TEXTCHAT10]	とは言っても、自分で決める感じなのですが・・。
room_13	1	[SPK--TEXTCHAT09]	なるほど！でも平日休みなんかいいですよねえ
room_13	1	[SPK--TEXTCHAT09]	ただ寒すぎて外に出る気がしません…
room_13	1	[SPK--TEXTCHAT10]	そうですよねー、ご時世的にもできるだけ外には出たくないですよね。
room_13	1	[SPK--TEXTCHAT10]	[SPK--TEXTCHAT09]さんはお家時間はなにかされていますか？
room_13	1	[SPK--TEXTCHAT09]	"どんどん感染者数増えて怖いですよね…
家にいるときはもっぱらNetflixでドラマとかアニメ見てますね！[SPK--TEXTCHAT10]さんはどうですか？"
room_13	1	[SPK--TEXTCHAT10]	怖いですねー。ドラマ、アニメいいですね！私も結構好きなので沢山お話しできそうです。
room_13	1	[SPK--TEXTCHAT09]	いいですね！！見てるやつが同じだったら語れますね！　最近は何見てますか？
room_13	1	[SPK--TEXTCHAT10]	と言いながら最近のはあまり見れていないんです、前から見ているものの続き物くらいで・・。ドラマだったら、逃げ恥の特番、アニメだったらゆるキャン△くらいですね。
room_13	1	[SPK--TEXTCHAT10]	ご存じでしょうか・・？
room_13	1	[SPK--TEXTCHAT09]	ゆるキャンは知ってますよ！一話しかみたことないですが、そろそろ続きみようかなーと思ってます！
room_13	1	[SPK--TEXTCHAT10]	"良かったです！ご覧になったらぜひご感想をお聞きしたいです。
ネットフリックスなんですが、オリジナル作品とか見てみたいんですが二の足を踏んでしまっているんですよねー。[SPK--TEXTCHAT09]さんのおススメはありますか？"
room_13	1	[SPK--TEXTCHAT09]	"見たら感想お伝えします?！
ストレンジャーシングスっていうドラマがかなり面白かったですね！"
room_13	1	[SPK--TEXTCHAT10]	ありがとうございます！ストレンジャーシングス気になってました！
room_13	1	[SPK--TEXTCHAT10]	結構長いことやってますよね？
room_13	2	[SPK--TEXTCHAT09]	"結構長かったと思います！
一気見したんであんまり長くは感じなかったんですけどね"
room_13	2	[SPK--TEXTCHAT10]	なるほど、今が一気見するチャンスでちょうどいいかも知れませんね！
room_13	2	[SPK--TEXTCHAT10]	今プレイしているゲームでストレンジャーシングスのコラボをやっているので、興味があったんですー。
room_13	2	[SPK--TEXTCHAT09]	ストレンジャーシングスのコラボですか！もしかしてデッドバイデイライトですか？
room_13	2	[SPK--TEXTCHAT10]	あ、そうです！
room_13	2	[SPK--TEXTCHAT09]	面白いですよね！いまはPCの容量がいっぱいでアプデできなくなっちゃったのでやれてませんが笑
room_13	2	[SPK--TEXTCHAT10]	はい！３Dゲームはサイズが大きくて大変ですよねー。
room_13	2	[SPK--TEXTCHAT09]	そうなんですよねえ。結構ガチでやってます？
room_13	2	[SPK--TEXTCHAT10]	いえいえ、ガチとはとても言えないです！でも下手の横好きといった感じで他のゲームよりはやりこんでいます。
room_13	2	[SPK--TEXTCHAT10]	プレイ動画なども見たりしていて・・。
room_13	2	[SPK--TEXTCHAT09]	"なるほど！あのゲームはまりますよね！サバイバーばっかりやってますが…
プレイ動画見るの好きです笑"
room_13	2	[SPK--TEXTCHAT10]	ですよね！良く観る配信者の方とかいらっしゃいますか？
room_13	2	[SPK--TEXTCHAT09]	あっさりしょこさんわかります？？
room_13	2	[SPK--TEXTCHAT10]	わかります！
room_13	2	[SPK--TEXTCHAT10]	とても上手ですよね。
room_13	3	[SPK--TEXTCHAT09]	"ですよね。わりと見てます！
あとはすき焼き大好きTVっていうチャンネルも好きですね"
room_13	3	[SPK--TEXTCHAT10]	そちらは聞いたことはあります！見てみようかな・・。
room_13	3	[SPK--TEXTCHAT09]	テクニック系ではなくてネタですが面白いですよ
room_13	3	[SPK--TEXTCHAT10]	すき焼き大好きTV見てみました！すごく編集が凝ってて面白かったです！
room_13	3	[SPK--TEXTCHAT10]	コミカルな場面が発生するのも魅力の一つですよねー。
room_13	3	[SPK--TEXTCHAT09]	"お！ありがとうございます！
笑えますよね笑笑
更新頻度が少ないのが玉に瑕ですが"
room_13	3	[SPK--TEXTCHAT10]	そうなんですね、あの編集量では致し方ないですよね(笑)
room_13	3	[SPK--TEXTCHAT09]	"ですよね笑
あとはジグルっていうチャンネルも面白いですね
dbdだけではないですが"
room_13	3	[SPK--TEXTCHAT10]	あ、BPFで見たことあります！
room_13	3	[SPK--TEXTCHAT09]	BPFとは…！！
room_13	3	[SPK--TEXTCHAT10]	オープンレックっていうサイトでDBDの公式放送的なのをやってるんです！
room_13	3	[SPK--TEXTCHAT10]	しょこさんとかも出ていて・・。
room_13	4	[SPK--TEXTCHAT09]	なるほど！それなら見たことあるかもしれないです！[SPK--TEXTCHAT10]さんは他にどんなゲームしてます？
room_13	4	[SPK--TEXTCHAT10]	他にはですねー、ご存じないかもしれませんが、フットボールマネージャーとか、シティズスカイラインズといったシミュレーション系のゲームをしています。
room_13	4	[SPK--TEXTCHAT10]	アクション系はDBDでいっぱいいっぱいで・・。
room_13	4	[SPK--TEXTCHAT09]	フットボールマネージャー知ってます！昨日サッカー好きの友達が隠れ名作だって言ってました！Steamのやつですよね？
room_13	4	[SPK--TEXTCHAT10]	そうです！
room_13	4	[SPK--TEXTCHAT10]	タイムリーでしたね(笑)
room_13	4	[SPK--TEXTCHAT10]	ご友人とゲームされたりするんですか？
room_13	4	[SPK--TEXTCHAT09]	"とてもタイムリーでした笑
オンラインでスマブラしたり大富豪したりしてます！"
room_13	4	[SPK--TEXTCHAT10]	いいですね！
room_13	4	[SPK--TEXTCHAT09]	[SPK--TEXTCHAT10]さんはご友人とゲームしたりされます？
room_13	4	[SPK--TEXTCHAT10]	昔はよくあったのですが、社会人になってからはぱったりなくなってしまいましたね・・。
room_13	4	[SPK--TEXTCHAT09]	なるほど…いつもやっている友人がそろそろ社会人なのでそうなったら寂しいです…
room_13	4	[SPK--TEXTCHAT10]	ならないように祈っています！時間さえ合えば大丈夫だと思いますが・・。
room_13	5	[SPK--TEXTCHAT09]	今は夜の１時から始めてるのでそれは厳しそうですよね笑
room_13	5	[SPK--TEXTCHAT10]	そうですね(笑)タフな方ならあるいは・・。
room_13	5	[SPK--TEXTCHAT09]	新卒にそのタフさはなさそうですね笑
room_13	5	[SPK--TEXTCHAT10]	もしかしたら、慣れるまでは我慢かもしれませんね・・。
room_13	5	[SPK--TEXTCHAT09]	そしたら二、三年は…泣
room_13	5	[SPK--TEXTCHAT10]	そ、そんなになりますかね・・？
room_13	5	[SPK--TEXTCHAT10]	働き方にもよりますよねー。
room_13	5	[SPK--TEXTCHAT09]	いわゆるブラック企業だったらきびしいですけど、普通の企業なら大丈夫なんですかね？
room_13	5	[SPK--TEXTCHAT10]	なかなか難しい話ですねー。
room_13	5	[SPK--TEXTCHAT10]	ブラックじゃなくても沢山働く方もいらっしゃいますもんね。
room_13	5	[SPK--TEXTCHAT10]	ワークライフバランスがしっかりとれるといいですよねー。
room_13	5	[SPK--TEXTCHAT09]	"いまは私生活大事ですよね
自分もホワイトで働きたいです笑"
room_13	6	[SPK--TEXTCHAT10]	本当そうですよね。
room_13	6	[SPK--TEXTCHAT10]	今回の件で、これ以降働き方が変わったりするんでしょうか・・。
room_13	6	[SPK--TEXTCHAT09]	テレワーク多くなったら通勤時間がなくなってありがたくはありますねえ
room_13	6	[SPK--TEXTCHAT10]	そうですねー。
room_13	6	[SPK--TEXTCHAT09]	電車乗ってる時間が一番無駄だと思ってるので笑
room_13	6	[SPK--TEXTCHAT10]	確かにそうかもしれませんね(笑)
room_13	6	[SPK--TEXTCHAT10]	特に満員電車だと何もできないですよね。
room_13	6	[SPK--TEXTCHAT09]	満員電車……思い出すだけで震えてきます
room_13	6	[SPK--TEXTCHAT10]	嫌ですよねー。皆嫌いな物ですよね。
room_13	6	[SPK--TEXTCHAT09]	痴漢に間違われたりしたら人生終わっちゃいますしね笑
room_13	6	[SPK--TEXTCHAT10]	それも怖いですよね・・。
room_13	6	[SPK--TEXTCHAT09]	車通勤とか自転車通勤が一番なんですかねえ
room_13	7	[SPK--TEXTCHAT10]	どうなんでしょう。
room_13	7	[SPK--TEXTCHAT10]	私は経験がないですが・・、密にはなりませんよね。
room_13	7	[SPK--TEXTCHAT10]	でも渋滞とか眠い時とかあるかもと考えるとできる人とそうでない人に分かれそうですね(笑)
room_13	7	[SPK--TEXTCHAT10]	[SPK--TEXTCHAT09]さんはいかがですか？
room_13	7	[SPK--TEXTCHAT09]	"普通は電車になりそうですよねえ
普段は外出るときは自転車なので、、、、眠い時は事故らないか不安ですね笑
あとは雨の日とかはなかなかきついですよね"
room_13	7	[SPK--TEXTCHAT10]	雨で自転車は嫌ですねー。使い分けられるといいですが・・。
room_13	7	[SPK--TEXTCHAT09]	やっぱり最強は徒歩ですかね？笑
room_13	7	[SPK--TEXTCHAT10]	そうかもしれませんね(笑)
room_13	7	[SPK--TEXTCHAT10]	徒歩圏内に職場があるといいですよね。
room_13	7	[SPK--TEXTCHAT09]	まあなかなか難しいと思いますけどね笑
room_13	7	[SPK--TEXTCHAT10]	そうですよねー(笑)
room_13	7	[SPK--TEXTCHAT10]	あと、私の場合生活圏内に職場があると何かと気を使ってしまう気もします・・。
room_13	7	[SPK--TEXTCHAT09]	それはありますね！休日出勤で呼び出されたり・・・イメージですが笑
room_13	7	[SPK--TEXTCHAT10]	一長一短ですねー(笑)
room_13	7	[SPK--TEXTCHAT09]	バイトぐらいしかやったことないんで全く想像できないです笑
room_13	8	[SPK--TEXTCHAT10]	どんなアルバイトされてたんですか？
room_13	8	[SPK--TEXTCHAT09]	スポーツショップの店員と家電量販店で商品の仕分けしてました！
room_13	8	[SPK--TEXTCHAT10]	おお！スポーツショップの店員さんですか、
room_13	8	[SPK--TEXTCHAT10]	スポーツショップも家電量販店も雰囲気が好きです。
room_13	8	[SPK--TEXTCHAT10]	何かスポーツされてたんですか？
room_13	8	[SPK--TEXTCHAT09]	"テニスとか水泳はやってました！
雰囲気はいいんですけど、接客がきつくてやめちゃったんですよね"
room_13	8	[SPK--TEXTCHAT10]	なるほど、確かに大変そうというイメージもあります・・。
room_13	8	[SPK--TEXTCHAT09]	[SPK--TEXTCHAT10]さんは接客とか得意ですか？
room_13	8	[SPK--TEXTCHAT10]	なんて言うんでしょう・・。接客することはできるんですが、トラブルとかあるとストレスに耐えられないタイプですね・・。
room_13	8	[SPK--TEXTCHAT09]	なるほど、、、接客にトラブルはつきものなんできびしいかもしれませんね笑
room_13	9	[SPK--TEXTCHAT10]	そうですねー(笑)
room_13	9	[SPK--TEXTCHAT09]	いままでどんなバイトしてましたー？
room_13	9	[SPK--TEXTCHAT10]	そうですね・・。
room_13	9	[SPK--TEXTCHAT10]	情報入力的な・・。バイトをしていました。
room_13	9	[SPK--TEXTCHAT09]	"座ってやれるんだったら最高ですね
目は疲れそうですけど。"
room_13	9	[SPK--TEXTCHAT10]	そうですね、メガネのおかげか意外と目は疲れなくて結構自分には合っている感じがして良かったです。
room_13	9	[SPK--TEXTCHAT10]	あとはウーバーイーツの配達とかもですね。
room_13	9	[SPK--TEXTCHAT09]	ブルーライトカットのメガネとかですか？？
room_13	9	[SPK--TEXTCHAT09]	ウーバーイーツ気になります！稼げました？？
room_13	9	[SPK--TEXTCHAT10]	そうですね、ブルーライトカットを強めにしてもらったやつで・・。
room_13	9	[SPK--TEXTCHAT10]	ウーバーイーツは注文が入るときはいいんですが、なかなか安定しないんですよねー。
room_13	9	[SPK--TEXTCHAT09]	"自分もメガネなんですけどそれいれてないんでPCきついんですよね笑
なるほど、、、やろうと思ってので参考になります"
room_13	9	[SPK--TEXTCHAT10]	はい、おススメです！
room_13	9	[SPK--TEXTCHAT10]	ちなみに私はJINSでやってもらいました。40パーセント・・とかってやつです。
room_13	9	[SPK--TEXTCHAT09]	"ほうほう。
見え方変わったりしません？？"
room_13	9	[SPK--TEXTCHAT10]	そうですね、正直色は結構かわる感じがあります。
room_13	9	[SPK--TEXTCHAT10]	ただ、見づらくなるという気はしないですが。
room_13	9	[SPK--TEXTCHAT10]	薄いサングラスみたいです。色関係の業務ではかけられなさそうですね・・。
room_13	10	[SPK--TEXTCHAT09]	あるんですね！最近眼精疲労がひどいので検討してみます
room_13	10	[SPK--TEXTCHAT10]	眼精疲労辛いですよね・・。
room_13	10	[SPK--TEXTCHAT10]	ぜひ試してみてください！
room_13	10	[SPK--TEXTCHAT09]	"いい情報ありがとうございます！
ちなみにいくらぐらいでした？"
room_13	10	[SPK--TEXTCHAT10]	確か15000円程だったと思います！
room_13	10	[SPK--TEXTCHAT10]	でもフレームとかでもっと安くすることもできるみたいです。
room_13	10	[SPK--TEXTCHAT09]	"結構いいですね！
もちろん度付きですよね？？"
room_13	10	[SPK--TEXTCHAT10]	はい、私は度付きでお願いしました。
room_13	10	[SPK--TEXTCHAT10]	強い乱視だったのでレンズが厚く、フレームの選択肢が限られてしまったのですが、
room_13	10	[SPK--TEXTCHAT10]	そういうことがなければフレームの種類もいろいろあってよかったです。
room_13	10	[SPK--TEXTCHAT09]	"ほうほう。
かなり近眼なんでレンズ厚くなっちゃうんでフレームすくなくなりそうです、、"
room_13	11	[SPK--TEXTCHAT10]	そ、そうでしたか・・、同じですね(笑)
room_13	11	[SPK--TEXTCHAT10]	ただ私の時は店員さんが親切にフレームを選ぶのを手伝ってくれたので、
room_13	11	[SPK--TEXTCHAT10]	第一希望に近いフレームを選ぶことができました。
room_13	11	[SPK--TEXTCHAT10]	なのでとりあえず相談されてみると良いかもしれません・・。
room_13	11	[SPK--TEXTCHAT09]	"ですねえ。次回メガネが壊れたらそうします笑
レーシックとかも考えてるんですけどね"
room_13	11	[SPK--TEXTCHAT10]	わかります。魅力的ですよねぇ、レーシック。
room_13	11	[SPK--TEXTCHAT10]	眼内コンタクトレンズというのもあると聞きますし、何が良いか迷いますね・・。
room_13	11	[SPK--TEXTCHAT09]	"ICLでしたっけ？
メガネをつけ外しする手間がなくなるのはすごいですよね"
room_13	11	[SPK--TEXTCHAT10]	ええ、そうですよねー。
room_13	11	[SPK--TEXTCHAT09]	でもまた視力悪くなる可能性があるらしいですよ、、
room_13	11	[SPK--TEXTCHAT10]	そうなんですか！
room_13	11	[SPK--TEXTCHAT09]	怖いですよねえ
room_13	12	[SPK--TEXTCHAT10]	そうですね・・、レーシックと同じでリスクがあるんですねー。
room_13	12	[SPK--TEXTCHAT09]	あとは目の手術ってシンプルに怖くないですか？笑
room_13	12	[SPK--TEXTCHAT10]	怖いですね(笑)
room_13	12	[SPK--TEXTCHAT09]	コンタクトも最初は怖かったですもん
room_13	12	[SPK--TEXTCHAT10]	わかります！
room_13	12	[SPK--TEXTCHAT10]	私は結局メガネに戻ってしまいました・・。
room_13	12	[SPK--TEXTCHAT09]	"やっぱそうなりますよね笑
メガネはほんと楽ですよねえ"
room_13	12	[SPK--TEXTCHAT10]	そうですねー(笑)
room_13	12	[SPK--TEXTCHAT09]	コンタクトとかつけます？？？
room_13	12	[SPK--TEXTCHAT10]	ええ、持ってはいるんですがめったにつけなくなってしまいました。。
room_13	12	[SPK--TEXTCHAT09]	そうなりますよね笑
room_13	13	[SPK--TEXTCHAT10]	ですよね！
room_13	13	[SPK--TEXTCHAT10]	ただでさえあまりつけなかったのですが、
room_13	13	[SPK--TEXTCHAT10]	更に人と会わなくなってしまったので・・
room_13	13	[SPK--TEXTCHAT09]	"時期が時期ですからねえ
そういえば緊急事態宣言伸びるんでしょうかね"
room_13	13	[SPK--TEXTCHAT10]	どうなんでしょうね・・。
room_13	13	[SPK--TEXTCHAT09]	1ヶ月伸ばすなんて話はありますがそろそろきつくなってきました笑
room_13	13	[SPK--TEXTCHAT10]	そうですよねー・・。
room_13	13	[SPK--TEXTCHAT09]	まあ文句言ってても仕方ないんですがね
room_13	13	[SPK--TEXTCHAT10]	そうですね・・。
room_13	13	[SPK--TEXTCHAT09]	ですねえ、、、
room_13	14	[SPK--TEXTCHAT09]	そういえばワクチンいつになるんですかねえ
room_13	14	[SPK--TEXTCHAT10]	おお、どうなんですかねー。
room_13	14	[SPK--TEXTCHAT10]	優先される方は来月にも打てるんでしょうかね。
room_13	14	[SPK--TEXTCHAT10]	我々は一番最後の方になりそうですよねー。
room_13	14	[SPK--TEXTCHAT09]	やはり一般庶民は最後になるんですかね笑
room_13	14	[SPK--TEXTCHAT10]	ですかねー、でも副反応とかも怖いですし何とも言えませんよねー。
room_13	14	[SPK--TEXTCHAT09]	"副作用は確かに怖いですね
先に海外で打つみたいなんでそれでどうなるかって感じですよね"
room_13	14	[SPK--TEXTCHAT10]	ですね！
room_13	14	[SPK--TEXTCHAT09]	[SPK--TEXTCHAT10]さんはワクチン打ちたいですか？
room_13	14	[SPK--TEXTCHAT10]	まあ、そうですね、打たないといけないとは思います・・(笑)
room_13	15	[SPK--TEXTCHAT09]	"結局周りに影響しますもんねえ
自分だけ打たないっていうのはできない風潮ありますよね"
room_13	15	[SPK--TEXTCHAT10]	そうですねー。
room_13	15	[SPK--TEXTCHAT10]	私は両親と同居しているのですが、
room_13	15	[SPK--TEXTCHAT10]	それなりに高齢なので心配もあります。
room_13	15	[SPK--TEXTCHAT09]	"それは心配ですね
私の両親も55ぐらいなので危ないですね"
room_13	15	[SPK--TEXTCHAT10]	そうですよねー。
room_13	15	[SPK--TEXTCHAT10]	やっぱりワクチンは早い方がいいですね。
room_13	15	[SPK--TEXTCHAT09]	年度内に打てるようになったら激アツですね
room_13	15	[SPK--TEXTCHAT09]	早く輸入してほしいですねワクチン
room_13	16	[SPK--TEXTCHAT10]	そうですねえ・・。
room_13	16	[SPK--TEXTCHAT10]	DBDの動画なんですが、最近もご覧になっていますか？
room_13	16	[SPK--TEXTCHAT10]	実は今日遅れながら、新キラーのツインズを買いまして・・。
room_13	16	[SPK--TEXTCHAT09]	"ツインズ面白いですよね！弟の心音ゼロなんでホラゲー感ありますね
使いました？？"
room_13	16	[SPK--TEXTCHAT10]	はい！育っていないのでちょっとだけですが・・。
room_13	16	[SPK--TEXTCHAT09]	使用感どんな感じです？？
room_13	16	[SPK--TEXTCHAT10]	やっぱり弟は当てるの上手ければ強そうです！
room_13	16	[SPK--TEXTCHAT10]	徒歩キラーですが、弟の足が速いのと、姉を置いておけるのとで機動力もある感じでよさげですね！
room_13	16	[SPK--TEXTCHAT10]	あとは弱体化されなければいいんですが・・(笑)
room_13	16	[SPK--TEXTCHAT09]	"素晴らしいですね！意外と跳躍力もあるみたいですし
キラーは弱体化される運命にあるの笑笑"
room_13	16	[SPK--TEXTCHAT09]	レポート終わったんでdbd復活かもしれないです笑
room_13	17	[SPK--TEXTCHAT10]	おお！お疲れ様です！
room_13	17	[SPK--TEXTCHAT09]	動画消す作業が楽しいです笑笑
room_13	17	[SPK--TEXTCHAT10]	動画を消す・・、ですか？
room_13	17	[SPK--TEXTCHAT09]	PCを圧迫している授業の動画です
room_13	17	[SPK--TEXTCHAT10]	なるほどー！そういうことですか！
room_13	17	[SPK--TEXTCHAT09]	dbdけっこう重いんで容量あけないといけないんです笑
room_13	17	[SPK--TEXTCHAT10]	動画も容量ありますよねー。
room_13	17	[SPK--TEXTCHAT09]	windowsのキャプチャが謎に高画質で重いんですよね
room_13	17	[SPK--TEXTCHAT10]	ほー、そうなんですね。
room_13	17	[SPK--TEXTCHAT09]	10分で2gとかです
room_13	18	[SPK--TEXTCHAT10]	おー。
room_13	18	[SPK--TEXTCHAT10]	重いですねー。
room_13	18	[SPK--TEXTCHAT09]	それを１４回分ぐらい保存してたんでやばかったたです笑
room_13	18	[SPK--TEXTCHAT10]	外付けのハードディスクとか欲しいですね・・。
room_13	18	[SPK--TEXTCHAT09]	1TBのハードディスク買えばよかったです笑
room_13	18	[SPK--TEXTCHAT10]	そうかもですね(笑)
room_13	18	[SPK--TEXTCHAT09]	dbdインストールできました！笑
room_13	19	[SPK--TEXTCHAT10]	おめでとうございます！
room_13	19	[SPK--TEXTCHAT10]	プレイされましたか？
room_13	19	[SPK--TEXTCHAT09]	まだプレイしてないですけど楽しみです！
room_13	19	[SPK--TEXTCHAT10]	そうなんですね！
room_13	19	[SPK--TEXTCHAT10]	ツインズとかは実装されてからやられてない感じですかね？
room_13	19	[SPK--TEXTCHAT09]	ツインズの前の閉じ込めるやつが出たら最後ですね笑
room_13	19	[SPK--TEXTCHAT10]	エクスキューショナーですか？
room_13	19	[SPK--TEXTCHAT09]	そうです！それを見たのが最後ですね
room_13	19	[SPK--TEXTCHAT10]	そうなんですね！では2キラー追加されているのでそれもお楽しみですね！
room_13	20	[SPK--TEXTCHAT09]	新キラー当たるとどう逃げればわからないので動画で勉強します笑
room_13	20	[SPK--TEXTCHAT10]	いいですね！
room_13	20	[SPK--TEXTCHAT10]	結構動画で見てると違いますよね。
room_13	20	[SPK--TEXTCHAT10]	予習できるというか・・。
room_13	20	[SPK--TEXTCHAT09]	"予習は大事ですね
あとはそのキラーからサバイバーがどう見えるのかも逃げる時大事ですよね"
room_13	20	[SPK--TEXTCHAT09]	ちなみにfps20しかでないんですうちのPC笑
room_13	20	[SPK--TEXTCHAT10]	おお、そうなんですね・・。
room_13	20	[SPK--TEXTCHAT10]	スイッチ版もそれくらいですかね、やっぱりやりづらいですか？
room_13	20	[SPK--TEXTCHAT09]	"最低画質最低設定で20なんで、見てから動くのはできないですね笑笑
全てが読み合いになります"
room_13	20	[SPK--TEXTCHAT10]	そうなんですね(笑)読みあいが鍛えられそうですね・・。
room_13	20	[SPK--TEXTCHAT10]	スキルチェックとかは大丈夫なんですか？
room_13	20	[SPK--TEXTCHAT09]	スキルチェックは早押しですね笑
room_13	21	[SPK--TEXTCHAT10]	こんばんはー。
room_13	21	[SPK--TEXTCHAT09]	こんばんはー！
room_13	21	[SPK--TEXTCHAT10]	予習は順調ですか？
room_13	21	[SPK--TEXTCHAT09]	"いい感じです！
ただランク下がりすぎてびびりました笑"
room_13	21	[SPK--TEXTCHAT10]	やっていないと自動で下げられちゃいますよねー。
room_13	21	[SPK--TEXTCHAT09]	このシステムつらいです笑
room_13	21	[SPK--TEXTCHAT10]	ですよねー。
room_13	21	[SPK--TEXTCHAT10]	でもなんか今度は毎月ランク２０にリセットされる予定らしいですね。
room_13	21	[SPK--TEXTCHAT09]	"な、なんだってーーー！！！！！
クソアプデじゃないですか"
room_42	1	[SPK--TEXTCHAT27]	"こんにちは！[SPK--TEXTCHAT27]と申します。
これから長期間にわたりますが、どうぞよろしくお願いします！"
room_42	1	[SPK--TEXTCHAT28]	"はじめまして！[SPK--TEXTCHAT28]です。
こちらこそ長期になりますが、
気軽によろしくお願いします！"
room_42	1	[SPK--TEXTCHAT28]	いま晩御飯を食べて、ゆっくりしているところです。何かオススメのリラックス方法とかありますか？
room_42	1	[SPK--TEXTCHAT27]	お疲れ様です！私は最近骨盤マッサージ機買ってリラックスしてます（笑）テレワークなので、運動不足になります。。
room_42	2	[SPK--TEXTCHAT27]	1万くらいだったような、、正直効果はよくわからないですが（苦笑）テレワークですか？
room_42	2	[SPK--TEXTCHAT28]	在宅と出勤と半々ですが、去年から肩凝りと腰痛が…笑　もう長くテレワークなさってるんですかー？
room_42	2	[SPK--TEXTCHAT28]	転職していきなりテレワークは辛いですね…！直接会ったことのない人ばかりですしね…。電車の疲れとは違う疲れ方しますよね…！
room_42	2	[SPK--TEXTCHAT27]	人間関係が掴みにくいですね?でも家で過ごす時間増えたので、楽です！おかげで最近セルフネイルにはまってます（笑）
room_42	2	[SPK--TEXTCHAT28]	"たしかにそうですよね?、新しい人間関係も広がりにくいですしね、、
ほんと、お家時間が増えるのはありがたいです。ネイルは気分転換になりますねー！いま頭皮マッサージャー買おうかなって思ってます。"
room_42	2	[SPK--TEXTCHAT27]	マッサージハマりますよね（笑）私もこの前奮発して、ヤーマンのリフトアップ買っちゃいました…！！頭皮のも気になるので良いのあったら是非教えてください?！
room_42	2	[SPK--TEXTCHAT28]	"あの話題のやつ！ですね！リフトアップのってどんな感じですか？振動系？
たしかヤーマンの頭皮のもありますよね！"
room_42	3	[SPK--TEXTCHAT27]	"<URL LINK>
このメディリフトプラスです！高くてすんごい迷ったんですが、ずっと気になってたので買っちゃいました！！"
room_42	3	[SPK--TEXTCHAT27]	遅くに失礼しました。。
room_42	3	[SPK--TEXTCHAT28]	"リンクありがとうございます！
一回10分なんですね！たぶん気付いたら噛み締めてて、少しでもエラ張り取りたいので、検討します！"
room_42	3	[SPK--TEXTCHAT27]	つけてる姿なかなかインパクトあるけど楽しみです（笑）
room_42	3	[SPK--TEXTCHAT28]	"めちゃ本格的なマスクですよね笑
なのに口元が出てるという笑
何より手ぶらだから、つけながら動画見たり他のことできるのいいですね！"
room_42	3	[SPK--TEXTCHAT27]	ながらで出来るの良いですよね?これつけながら仕事するのを日課にすればサボらないかなと思いまして（笑）これでエラ削ります！！
room_42	3	[SPK--TEXTCHAT28]	"仕事しながらは一石二鳥ですね笑　せっかくならなるべく習慣にしたいですもんねー。いつもスキンケアってどうされてますか？？
"
room_42	3	[SPK--TEXTCHAT27]	わたし面倒くさがりなので、朝は朝用シートマスクと乳液です。。スキンケア迷いますよね！最近乾燥すごいしマスクで荒れるし、、
room_42	3	[SPK--TEXTCHAT28]	わたしも朝用シートマスクつかってます。サボリーノ笑　ほんと乾燥が…在宅のときは日焼け止めだけにして肌の負担を少しでも減らしてます
room_42	3	[SPK--TEXTCHAT27]	わたしもサボリーノです（笑）楽ですよね?最近とうとうウェブ会議のときも化粧しなくなりました（笑）
room_42	3	[SPK--TEXTCHAT28]	"わかります笑
上だけ着替えて下はパジャマです笑
化粧しないほうが肌のためです！笑"
room_42	3	[SPK--TEXTCHAT27]	ほんとに外でないので全くコスメが減らないです（笑）お休みの日は何してますか？
room_42	4	[SPK--TEXTCHAT28]	インドア派なので家で動画見たり、マンガ読んだり、好きなもの食べて甘やかしてます笑　何して過ごしてますかー？
room_42	4	[SPK--TEXTCHAT27]	私もめちゃめちゃ漫画読みます！とりあえず流行りの鬼滅と約ネバは全部読みました（笑）
room_42	4	[SPK--TEXTCHAT28]	約ネバは途中まで読んでます！おもしろいですよね！わたしは流行りものだと進撃の巨人にハマってますー。
room_42	4	[SPK--TEXTCHAT27]	進撃も読んでますよ！次で最終巻らしいですね?人気作がどんどん完結していきますね。。
room_42	4	[SPK--TEXTCHAT28]	次巻で終わっちゃうんですよね?！結末は気になりますが、たのしみは減りますね。。進撃で好きなキャラはいますかー？
room_42	4	[SPK--TEXTCHAT27]	王道で兵長ですかね！イケメンボイスすぎて（笑）
room_42	4	[SPK--TEXTCHAT28]	リヴァイ兵長は反則級にカッコよすぎですね！強いし、実は優しいところとか！
room_42	4	[SPK--TEXTCHAT27]	わかります、あのキャラ最高ですよね！アニメが最高にかっこいいです…！
room_42	4	[SPK--TEXTCHAT28]	"掃除好きなところのギャップもズルいです！
全体的にアニメの作画も声優さんもめちゃいいですよね！"
room_42	4	[SPK--TEXTCHAT27]	今のシーズンのはまだ見てないので、完結したらまとめて見る予定です！あとはワンピースとかも追いかけてます。
room_42	4	[SPK--TEXTCHAT28]	"まとめて見たい気持ち分かりますー。
ワンピースこそ長いですもんね！途中で止まってて、時間できたら追いつこうかなって感じです。"
room_42	5	[SPK--TEXTCHAT27]	お返事遅くなってしまい、すみません！
room_42	5	[SPK--TEXTCHAT27]	ワンピース長くて途中で止まるのわかります（笑）わたしも暫く空島でとまってました?いまめちゃめちゃ面白いですよ！！
room_42	5	[SPK--TEXTCHAT28]	"いえいえ！金曜おつかれさまでした！
空島すこし長いですよねー笑
まじすか！いまドフラミンゴのとこで止まってます。"
room_42	6	[SPK--TEXTCHAT27]	そこも長いですよね！！（笑）わたしはロー好きなので、ドレスローザ好きでした（笑）
room_42	6	[SPK--TEXTCHAT28]	"ローかっこいいですよね…！
わたしはサンジが好きです！これからサンジの過去編があるみたいで楽しみにしてます

"
room_42	6	[SPK--TEXTCHAT28]	何かオススメの漫画とかありますかー？
room_42	6	[SPK--TEXTCHAT27]	兵長と同じ声優さんですよね！わたしもいま漫画発掘中でして、最近ダンスダンスダンスールはまってます！
room_42	6	[SPK--TEXTCHAT28]	"同じ声優さんだったんですね！どうりでイケボ…笑
ああ！バレエのやつですね！気になってました。電子書籍で読んでみます！"
room_42	6	[SPK--TEXTCHAT27]	バレエまったくわからないですが面白いです！最近はもっぱら電子書籍なのですぐポチットしてしまいます…笑
room_42	6	[SPK--TEXTCHAT28]	"お試しとか読んで続き気になって、
ポチちゃいますよねー笑"
room_42	6	[SPK--TEXTCHAT27]	そうなんです、、ラインまんがとかすぐ購入しちゃいます（笑）何かおすすめありますか？？
room_42	6	[SPK--TEXTCHAT28]	ブルージャイアントってJAZZの漫画は面白いろいです。あといまアマプラで呪術廻戦みてます！
room_42	6	[SPK--TEXTCHAT27]	ブルージャイアント知ってます！サックスのやつですよね？アマプラ私も入ってるので呪術廻戦みてみます。前から気になってました（笑）
room_42	6	[SPK--TEXTCHAT28]	"そうです！兄が読んでて。
呪術けっこう話題ですよね。まだ見始めたところで８話目くらいです。"
room_42	7	[SPK--TEXTCHAT28]	こんにちは！ダンスダンスダンスールの３巻まで読みました！主人公と流鶯くんのライバル関係いいですねっ！
room_42	7	[SPK--TEXTCHAT27]	駅ナカ広告に大きくでてました！そういえばワートリもアニメ2期やってるんですね！
room_42	7	[SPK--TEXTCHAT28]	いまアマプラで約ネバの2期みてます！！
room_42	7	[SPK--TEXTCHAT27]	約ネバも2期やってたんですね！見なきゃ！！
room_42	7	[SPK--TEXTCHAT28]	いま2期フジの木曜深夜で放映してるらしく！
room_42	7	[SPK--TEXTCHAT27]	アマプラ優秀ですね！すぐ配信してくれて助かります。
room_42	7	[SPK--TEXTCHAT28]	"ですね！進撃のファイナルも！
アニメ以外でアマプラ何か観てますかー？"
room_42	7	[SPK--TEXTCHAT27]	たまに映画みますよ?一時期トム・クルーズはまってて見まくってました（笑）
room_42	7	[SPK--TEXTCHAT28]	"トムクルーズ渋かっこいいですねー！何がオススメですかー？ミッションインポッシブル、宇宙戦争あたり観たことあります！
ハリウッド俳優だと、キアヌ・リーブス好きです！"
room_42	7	[SPK--TEXTCHAT27]	ミッション・インポッシブル全部見ました！（笑）宇宙戦争も見ましたよ?
room_42	7	[SPK--TEXTCHAT27]	キアヌ・リーブスだとやっぱりマトリックスかな？最近また映画でましたよね！
room_42	7	[SPK--TEXTCHAT28]	"ミッションインポッシブル全部は完全にファンですね！笑
なんかマトリックスの続編？らしいですよね！"
room_42	8	[SPK--TEXTCHAT27]	あとコメディ映画の続編やりますよね！なんだっけかな、タイトル……
room_42	8	[SPK--TEXTCHAT28]	"<URL LINK>
これですかね？いま公開中ですね！"
room_42	8	[SPK--TEXTCHAT27]	あ、それです！前にテレビで紹介されててオススメされてました！
room_42	8	[SPK--TEXTCHAT28]	バックトゥーザ・フューチャーみたいで面白そうですね！
room_42	8	[SPK--TEXTCHAT28]	しばらく映画館で観てないので、たまには映画館でポップコーン片手に見たいです！
room_42	8	[SPK--TEXTCHAT27]	去年の年末前に映画館行ったら、前後左右は座席が空いてて快適でした！（笑）
room_42	8	[SPK--TEXTCHAT28]	あ！それいいですね！プレミアムシートみたいな笑笑
room_42	8	[SPK--TEXTCHAT27]	足ぶつかっても気にしなくていいし、荷物も置けます（笑）
room_42	8	[SPK--TEXTCHAT28]	"たしかに！笑
冬だとコートとか困りますもんね！"
room_42	8	[SPK--TEXTCHAT27]	そうなんです！この前ちょっと遅れちゃったんですが、端の方だったので、隣とか気にせず気兼ねなくチュロス食べました。笑
room_42	9	[SPK--TEXTCHAT28]	のびのびと！映画の内容にも集中できそうです！
room_42	9	[SPK--TEXTCHAT28]	おつかれさまです。今日は在宅でオンライン会議に疲れたので、スーパーのお弁当にします！
room_42	9	[SPK--TEXTCHAT27]	"お疲れ様です?オンライン会議、地味に疲れますよね…
我が家は蕎麦ですー。"
room_42	9	[SPK--TEXTCHAT27]	もう夕飯おわりました（笑）
room_42	9	[SPK--TEXTCHAT28]	"疲れたので、アイス買いました。
蕎麦いいですねー。
今夜はマツコの知らない世界が楽しみです！"
room_42	9	[SPK--TEXTCHAT27]	昨日、夜ふかし見てました。マツコめちゃめちゃ面白いですよね（笑）
room_42	9	[SPK--TEXTCHAT28]	"ああ夜ふかし見逃しました。。
あと、かりそめ天国も好きです！
"
room_42	9	[SPK--TEXTCHAT27]	最近dTVも登録しちゃって、ちはやふるめっちゃ見てます（笑）呪術も見なきゃですね！！
room_42	9	[SPK--TEXTCHAT27]	見るものいっぱい…
room_42	9	[SPK--TEXTCHAT28]	"サブスク増えますよね笑
天国と地獄の第一話みたくてparavi登録しました笑
"
room_42	9	[SPK--TEXTCHAT28]	ちはやふる気になってます！
room_42	9	[SPK--TEXTCHAT27]	パラビも登録してて、半沢直樹めちゃハマってました（笑）
room_42	9	[SPK--TEXTCHAT27]	ちはやふるはほんとオススメです！
room_42	9	[SPK--TEXTCHAT28]	"パラビで東京グール見る予定です笑
半沢も追いたいですね！
dTVの31日間無料ってけっこういいですね。"
room_42	9	[SPK--TEXTCHAT27]	そうなんですよ！有料になる前に解約せねばと思ってます。
room_42	9	[SPK--TEXTCHAT27]	東京グール、この前やっと全部読みました。最後難しいですね（笑）
room_42	9	[SPK--TEXTCHAT28]	"解約のページって隠されてますよね笑
まじすか！電子書籍ですか？東京グール長いのでパラビの二週間トライアルで観切のは難しそうです。"
room_42	10	[SPK--TEXTCHAT27]	電子書籍です！東京グールのアニメって原作とちょっと違うらしく、どこから見ていいかイマイチわからないんですよね…
room_42	10	[SPK--TEXTCHAT28]	なるほど！どっちかで一気に通したほうがよさそうですねー。
room_42	10	[SPK--TEXTCHAT28]	電子書籍はどこに登録してますか？
room_42	10	[SPK--TEXTCHAT27]	ホントとbookliveが多いですね。でも一番手軽なのはライン漫画で、すぐポチッてしまいます。
room_42	10	[SPK--TEXTCHAT28]	"ラインの使ってる人多いですよね！
けっこうラインナップありますか？"
room_42	10	[SPK--TEXTCHAT27]	そこそこありますよ！何より手軽に買えてしまう恐怖…
room_42	10	[SPK--TEXTCHAT28]	"ポチっちゃいますよねー笑
わたしコミックシーモアときどき使ってます。"
room_42	10	[SPK--TEXTCHAT28]	BookLiveは無料で読めるのが多いですね！
room_42	10	[SPK--TEXTCHAT27]	紙を買わなくなったので、スペース使わなくていいですよね！
room_42	10	[SPK--TEXTCHAT27]	あ！ぜひハンターハンター読んでみてください！オススメです！超面白いです！！
room_42	11	[SPK--TEXTCHAT28]	ハンターハンターめちゃ大好きです！！
room_42	11	[SPK--TEXTCHAT28]	趣味合いますね…！新巻が待ち遠しいです…笑
room_42	11	[SPK--TEXTCHAT27]	"たぶん一番好きな漫画です（笑）
もはや生きてるうちに完結してくれれば良いと思ってます（笑）"
room_42	11	[SPK--TEXTCHAT27]	ちなみにアニメは一期派です
room_42	11	[SPK--TEXTCHAT28]	"わたしも今のところ一番好きです！気が合ってうれしいです笑
一期が一番わくわくしますね。もういまゴン出てこないですしね笑"
room_42	11	[SPK--TEXTCHAT27]	"なんなら主人公だれかわからない展開ですよね（笑）
私は旅団好きなので今の展開はどきどきします！まあいつ連載再開か分かりませんが…"
room_42	11	[SPK--TEXTCHAT28]	"旅団いいですよね…！ヨークシン編が、オシャレすぎます。
あのクロロ対ヒソカが、まだ船の上で続く…ファンとしては最高の展開ですよね！"
room_42	11	[SPK--TEXTCHAT27]	"そう！オシャレなんですよね、あの雰囲気が！！opとか大好きでした！！
人物多すぎて設定難しいけど、とりあえず面白いです（笑）"
room_42	11	[SPK--TEXTCHAT28]	わかります。ＧＩ編と蟻編もおもしろいですけど、ゾルディック家×旅団の展開がテンション上がりますね…個人的にはクロロ、イルミ、ヒソカが好きなので！
room_42	11	[SPK--TEXTCHAT27]	アダルト組！！わたしも好きです！！（笑）もしや同世代ですか？（笑）
room_42	11	[SPK--TEXTCHAT28]	"アダルト組笑
まあ20代後半です！笑"
room_42	11	[SPK--TEXTCHAT28]	趣味が合って嬉しいです！！！！
room_42	12	[SPK--TEXTCHAT27]	わたしもアラサーです（笑）ハンターハンター好きってあんまりいないですよね?嬉しいです。笑
room_42	12	[SPK--TEXTCHAT28]	"あんまりいないですね！友だちに文字が多いと言われました笑
でも好きな人は富樫ワールド大好きですよね。"
room_42	12	[SPK--TEXTCHAT27]	"文字多いし、ちょっとグロいですもんね（笑）
ゆうはくも大好きです（笑）"
room_42	12	[SPK--TEXTCHAT28]	"ザ少年マンガって感じじゃないですよね笑
ゆうはくも好きです笑
グールの作者がヒソカの幼少期を描いたのご存知ですか？？"
room_42	12	[SPK--TEXTCHAT27]	"え、なんですか、それ！！
超みたいです！！！"
room_42	12	[SPK--TEXTCHAT28]	<URL LINK>
room_42	12	[SPK--TEXTCHAT28]	ぜひ！夢のコラボです！
room_42	13	[SPK--TEXTCHAT27]	リンクありがとうございます！！
room_42	13	[SPK--TEXTCHAT27]	思ったよりページありました！これ富樫先生いつか、ここにつながる話を描いてくれるんですかね？（笑）
room_42	13	[SPK--TEXTCHAT28]	"けっこう本格的ですよね笑
描いてほしいですけど、富樫さん気まぐれだから…伏線回収しないですからね笑"
room_42	13	[SPK--TEXTCHAT27]	回収してほしい伏線いっぱいありますよね（笑）対談も富樫先生、めちゃめちゃ話してますね！連載再開してほしい（笑）
room_42	13	[SPK--TEXTCHAT28]	"ほんとたまに考察サイトとか見ます笑
いまのペースだと暗黒大陸つくのに何年かかるんでしょうね笑"
room_42	13	[SPK--TEXTCHAT27]	"たしかに。10年はかかりそう…笑
私も考察サイト読みますよ！みんな頭良いですよね（笑）"
room_42	13	[SPK--TEXTCHAT28]	"頭いいですよね笑
継承戦は人が多すぎて、考察サイト読まないと理解できなくて、読んでもよく分からないですけど笑"
room_42	13	[SPK--TEXTCHAT27]	そうなんですよね?ほんとに人が多い…しかも休載期間が長すぎて設定忘れてしまう…（笑）
room_42	13	[SPK--TEXTCHAT28]	わかります。毎回、二巻前くらいから復習しますね笑
room_42	14	[SPK--TEXTCHAT27]	そうなんですよね?（笑）ほぼ同時期に連鎖始めたワンピースはもう百巻近いのに、、（笑）
room_42	14	[SPK--TEXTCHAT28]	"たしかに笑笑　まだ30巻ちょいですもんね笑
微妙にワンピ派かハンター派ってあるのはなんでしょうね"
room_42	14	[SPK--TEXTCHAT27]	"ありますよね、わかります（笑）
いまのジャンプ全然分からなくなっちゃっいました（笑）あとは名作はSLAM DUNKですかね。"
room_42	14	[SPK--TEXTCHAT28]	"スラムダンクはアニメで観ました！
ミッチーが好きです。"
room_42	14	[SPK--TEXTCHAT27]	ミッチーは王道にかっこいいですよね?！！私は水戸洋平押しです。男気すぎ（笑）
room_42	14	[SPK--TEXTCHAT28]	"あー！その発想は新しいです！
たしかに！友だち想いですしね。
必ず応援にくるし！"
room_42	14	[SPK--TEXTCHAT27]	めちゃめちゃ良い奴じゃないですか？え、まわりにいませんか？水戸洋平推し（笑）
room_42	14	[SPK--TEXTCHAT28]	"あと仙道、流川あたりですかね！
バスケ選手以外は盲点ですけど、
たしかにカッコいいシーンありますよね！"
room_42	14	[SPK--TEXTCHAT28]	たしかスラムダンク映画化しますよね！
room_42	14	[SPK--TEXTCHAT27]	"ええ！映画化するんですか！？このタイミングで！！
情報早いですね（笑）"
room_42	14	[SPK--TEXTCHAT28]	"今なお人気ってことですね！
総集編なのかオリジナルかは分かんないですけど、、楽しみです！"
room_42	15	[SPK--TEXTCHAT27]	<URL LINK>
room_42	15	[SPK--TEXTCHAT27]	サイトこれですね！まだ何も掲載されてませんが、調べると山王戦が描かれる説ありますね！！ぜっったい見に行きます！（笑）
room_42	15	[SPK--TEXTCHAT28]	リンクありがとうございます！手描き文字いいですね…！
room_42	15	[SPK--TEXTCHAT28]	うおーー山王戦は観たすぎます…！
room_42	15	[SPK--TEXTCHAT27]	そういえば年末にやってた国民的漫画ランキングでも３位でした！人気ありますね?
room_42	15	[SPK--TEXTCHAT28]	おおー！挿入歌もいいですよねー！
room_42	15	[SPK--TEXTCHAT27]	オープニングもエンディングもめちゃめちゃハマって、カラオケでよくいれます！（笑）
room_42	15	[SPK--TEXTCHAT28]	WANDSと大黒摩季は鉄板ですね笑
room_42	15	[SPK--TEXTCHAT27]	"そのふたつは！絶対です！！（笑）
あとオープニングの
君が好きだと叫びたい
も絶対です（笑）"
room_42	15	[SPK--TEXTCHAT28]	"ですね！！
オープニング映像と共にですね！"
room_42	16	[SPK--TEXTCHAT27]	"公開楽しみです！
去年はけっこう映画も延期になったものが多いですよね。ドラえもんとかコナンとか、、"
room_42	16	[SPK--TEXTCHAT28]	たしかに、そうですね…！鬼滅はヒットしてましたが！
room_42	16	[SPK--TEXTCHAT27]	"鬼滅見てないんですよね…とりあえず原作は全部よみました！！
煉獄さーーん！！ってやつですよね（笑）"
room_42	16	[SPK--TEXTCHAT28]	実はアニメ途中までしか見れてないんですよ…！やっと東京に着いたところくらいで。
room_42	16	[SPK--TEXTCHAT27]	わりと序盤ですね！ぜひ続きも見てください?
room_42	16	[SPK--TEXTCHAT28]	"そうなんです笑
煉獄さんってどのくらいから出てくるんですか？？"
room_42	16	[SPK--TEXTCHAT27]	アニメの最後あたりからかな？10巻はこえてると思います！
room_42	16	[SPK--TEXTCHAT28]	そうなんですね！どんなキャラか楽しみです。
room_42	17	[SPK--TEXTCHAT27]	今年はコナンの映画見に行こうと思ってて（笑）去年は延期されちゃったので！
room_42	17	[SPK--TEXTCHAT28]	延期になったのは、緋色の弾丸ってやつですよね？
room_42	17	[SPK--TEXTCHAT27]	そうです、この前映画館寄ったら公開予定に出てました！
room_42	17	[SPK--TEXTCHAT27]	コナンの映画、たまに見たくなります。
room_42	17	[SPK--TEXTCHAT28]	ときどきYouTubeで、過去の公式テレビアニメも見ちゃいます笑
room_42	17	[SPK--TEXTCHAT27]	わかります（笑）ただ話をながすぎて、黒の組織に関わってるとこだけまとめてくれたまとめサイトとかで、満足しちゃいます（笑）
room_42	17	[SPK--TEXTCHAT28]	"ほんとに長いですよね、、笑
殺人起きすぎです笑
へええー！それって、黒の組織のボスだれかって考察とかですか？"
room_42	17	[SPK--TEXTCHAT27]	"そういうのもファンの人が考察してくれてますよね！
でもボスの正体ってもう明かされましたよね、たしか。"
room_42	17	[SPK--TEXTCHAT28]	そうなんです！ネットニュースになってましたよね！ついに完結するんだあって驚きましたね！
room_42	18	[SPK--TEXTCHAT27]	ネットニュースになるって冷静にすごいですよね（笑）なんというかコナンは長すぎて結末をはやく教えてほしい、って思ってます。笑
room_42	18	[SPK--TEXTCHAT28]	"サザエさん的な感じで終わらないのかと思ってました笑
ほんとに、、、ハピエン期待です！"
room_42	18	[SPK--TEXTCHAT27]	サザエさん一生やってますよね（笑）たまに見るとサイコパスすぎる…
room_42	18	[SPK--TEXTCHAT28]	ほんとに、あの犯人の黒い人影みたいなの子どもの頃から恐怖です。よくこんな方法を思いつくなと、、笑
room_42	18	[SPK--TEXTCHAT27]	作者、殺人方法のエキスパートですよね（笑）自分で実験とかしてそう…
room_42	18	[SPK--TEXTCHAT28]	凝ってますよね笑笑　ピタゴラスイッチくらい複雑な仕掛けのときありますよね笑笑
room_42	18	[SPK--TEXTCHAT27]	"あります（笑）いや、それどうやった？？ってのあります（笑）
中国でコナンを参考にした殺人事件おきたことあるらしいですよ（笑）"
room_42	18	[SPK--TEXTCHAT28]	え笑　チャレンジャーですね笑
room_42	18	[SPK--TEXTCHAT28]	捕まったってことは、せっかく成功してもトリック解かれてますし…笑
room_42	19	[SPK--TEXTCHAT27]	もはや理科の実験かな？てところありますよね（笑）
room_42	19	[SPK--TEXTCHAT27]	もはやトリック興味ないので、話が進展してくれれば、、みたいなところあります（笑）新一がらん姉ちゃんに告白したのもネットニュースになっていました。笑
room_42	19	[SPK--TEXTCHAT28]	"ピアノ線とかどこで手に入れるんだろうって思います笑
えっ！！ついに！！それは知りませんでした！！ほんと本筋だけで映画化とかしてほしいですね。"
room_42	19	[SPK--TEXTCHAT27]	えっ、ごめんなさい、ネタバレしちゃいました！本当にすみません！！
room_42	19	[SPK--TEXTCHAT28]	ぜんぜん大丈夫です！むしろまだ付き合ってなかったんかーいって感じですし笑笑　
room_42	19	[SPK--TEXTCHAT27]	物語の中ではまだ一年経ってないですからね（笑）サザエさん方式（笑）
room_42	19	[SPK--TEXTCHAT28]	"たしかにずっと一年生…笑
１日３件くらい事件起きてそうですね笑"
room_42	19	[SPK--TEXTCHAT27]	世界屈指の犯罪都心って公式スピンオフで認定されてます（笑）
room_42	19	[SPK--TEXTCHAT28]	"それは笑えます！
ベイカ町周辺だけ異常ですよね笑"
room_42	20	[SPK--TEXTCHAT27]	ほんとに（笑）つっこみどころが多すぎて、もはやネタとして映画とか見に行く感じあります（笑）
room_42	20	[SPK--TEXTCHAT28]	"わかります笑
昨日の金曜ロードショーで、コナンの時計じかけの摩天楼やってたみたいですね！"
room_42	20	[SPK--TEXTCHAT27]	"ええええ！！み、見たかったです！！見たこと無いんですよね、摩天楼…
いつもロシアの皇帝？怪盗キッドが出てくるのばっかり見ちゃいます（笑）"
room_42	20	[SPK--TEXTCHAT28]	"わたしも摩天楼はすごい前に見たのでしっかり覚えてなくて…見逃したの残念でした。。
エッグのやつですね！あれめっちゃ好きです！！！あとロンドンの殺人鬼のやつも好きです。"
room_42	20	[SPK--TEXTCHAT27]	ベイカーストリートですよね！？そのエッグのとベイカーストリートは鉄板で面白いです！
room_42	20	[SPK--TEXTCHAT27]	あ、あと京都のやつと一昨年くらいの安室さんのも好きです！安室さんのやつ、難しすぎて子供向け映画じゃないですよね（笑）
room_42	20	[SPK--TEXTCHAT28]	それです！なんかVRみたいなもののなかで、殺人が起きるんですよね！
room_42	20	[SPK--TEXTCHAT28]	あー！それ話題になってましたよね！最近の追えてなくて！安室さん推しですか？！
room_42	20	[SPK--TEXTCHAT27]	映画みるまで安室さんの存在自体知らなかったんですが、あまりにも話題になってたので、見にいきました（笑）
room_42	20	[SPK--TEXTCHAT27]	"ストーリーは一番難しいかもです。
安室さん推しになりました（笑）"
room_42	20	[SPK--TEXTCHAT28]	"ますます安室さんが気になります笑
ストーリー難しいんですね、、！
新作観る前には見たいですね！"
room_42	21	[SPK--TEXTCHAT27]	今年は赤井さんだったかな？最近、主人公よりもまわりのキャラクターのほうが人気ありますよね（笑）
room_42	21	[SPK--TEXTCHAT28]	"なるほど、赤井さんだから緋色なんですね！ミステリアスイケメンですよね！
わたしは平次が好きです！"
room_42	21	[SPK--TEXTCHAT27]	平次も人気ですよね?いつも舞台が京都とか大阪になるので、旅行したくなりますわ
room_42	21	[SPK--TEXTCHAT28]	"迷宮のクロスロード好きです！
から紅も、京都ですよねー！"
room_42	21	[SPK--TEXTCHAT27]	どっちも見ました！京都好きなんで、舞台が京都だと余計テンションあがります！
room_42	21	[SPK--TEXTCHAT27]	そういえばこのニュースみました？？リンクはりますね！
room_42	21	[SPK--TEXTCHAT27]	<URL LINK>
room_42	21	[SPK--TEXTCHAT28]	えーーーっ！アニメの続きですかね！それとも映画化ですかねー！
room_42	21	[SPK--TEXTCHAT27]	でもアニメだったら、すぐ終わっちゃいますよね（笑）映画ですかね…
room_42	21	[SPK--TEXTCHAT28]	ですよね笑　映画ですかねー。ハンターの映画は観たことありますか？笑
room_42	21	[SPK--TEXTCHAT27]	映画はないですね…なんか二期の雰囲気についてけなくて…（笑）
room_42	21	[SPK--TEXTCHAT28]	なんとなく分かります。ポップですもんね。観たんですけど、正直そんなにでした…
room_52	1	[SPK--TEXTCHAT35]	はじめまして。これからよろしくお願い致します！
room_52	1	[SPK--TEXTCHAT34]	はじめまして。これからよろしくお願いします！
room_52	2	[SPK--TEXTCHAT34]	なんてお呼びすればいいですか？
room_52	2	[SPK--TEXTCHAT35]	"おはようございます！[SPK--TEXTCHAT35]、で大丈夫です！

なんてお呼びすれば良いですか？"
room_52	2	[SPK--TEXTCHAT35]	[SPK--TEXTCHAT34]さん、よろしくお願いします！
room_52	2	[SPK--TEXTCHAT35]	私は演劇をやっています！[SPK--TEXTCHAT34]さんはいかがですか？
room_52	2	[SPK--TEXTCHAT35]	"見るのが好きなのですね！私は作る側ですが、見るのもすきですよー！

舞台は特にどんなものを見るのですか？"
room_52	2	[SPK--TEXTCHAT34]	"どんな舞台を作られてるんですか？
好きな舞台俳優の方が何人かいるので、その方のを観に行くことが多いです！ミュージカル系も好きです！"
room_52	3	[SPK--TEXTCHAT35]	"ミュージカル、ストレートなどいろいろですが、ミュージカルが多いですね!

なるほど！好きな舞台俳優さん！どなたですか？"
room_52	3	[SPK--TEXTCHAT35]	"私は演出助手としてです！演出家の隣にいて事務作業をしたり稽古場の管理をするのですー！

あーーー！最近はなにを見に行ったんですか？"
room_52	3	[SPK--TEXTCHAT34]	"おお！そうなんですね！憧れます！
去年は全然舞台行けなかったです泣
永田くんは出てないですが、年末にいつも見に行っている歴史が題材の舞台があって、それに行ったくらいです！"
room_52	3	[SPK--TEXTCHAT35]	"そうですよね。チケットも限られてくるし、そもそも緊急事態宣言だし。。。。

おー！それはいかがでしたか？

あと、映画とかもよく見るとおっしゃっていましたが、1番好きな映画とかあるんですか？"
room_52	3	[SPK--TEXTCHAT34]	"そうですねー泣　宣言出ちゃいましたしなかなか行けないです…[SPK--TEXTCHAT35]さんは舞台の仕事やる中でやっぱり影響大きいですか?

面白かったです！その舞台は毎年年末にやってるんですが、笑あるところも泣けるところも歌うところもあって楽しいです！

邦画をよく見ます！前に見て感動したのは、ぼくは明日、昨日のきみとデートする がとても良かったです！"
room_52	4	[SPK--TEXTCHAT35]	"そうですね。。。かなりの作品は延期になって、オンラインで稽古をしていて、対面で行えているものに関しても、コロナ対策をしつつの稽古となっていますね。。！
私の周りも緊急事態宣言がでてかなりのところ中止になったので私はまだいい方だと思いますが、やっぱり人と人がやる芸術である以上、影響は大きそうです。。！

素敵ですね！そういう舞台がひとつあるだけで生きがいとなったり、気持ちが明るくなったりしそうですね！

「ぼくは明日、昨日のきみとデートする」見てみようと思います！オススメありがとうございます！"
room_52	4	[SPK--TEXTCHAT34]	"オンラインでの稽古、大変そうですね…。コロナ禍の中だと大変ですよね。舞台もお客さんがいない中でやるのも普段とはやっぱり違ってきますしね…早く収まってみんなでまた舞台楽しめるようになって欲しいです…！

ありがとうございます！私の一番楽しみにしていることなのでそのために日々頑張っている感じです！笑

是非見てみてください！主題歌がback numberなんですけどファンなのでそれもあって好きですー！"
room_52	4	[SPK--TEXTCHAT35]	"ほんとですね。。。ワクチン接種ももうすぐ開始されそうですし、少しづつでも収束してほしい！！！

そうですよねそうですよね、それが延期とか中止になったらさらに悲しいですよね。。。私も頑張らなくちゃ！

なるほどー！！！なんだか[SPK--TEXTCHAT34]さんは趣味が沢山あってすてきです！！！"
room_52	4	[SPK--TEXTCHAT34]	"そうですね！ワクチン接種も春あたりからできるようになりそうですねー。長引くのは辛いので早く終わってほしいです…！

そうですねー、マスクする必要なくて、思い切り笑ったりして楽しめる空間が早く戻ってきてほしいです…！

わたしは全然ですよー泣
趣味が多いのもお金がかかっちゃいます笑
[SPK--TEXTCHAT35]さんは演出助手やろうと思ったきっかけとかはありますか？"
room_52	5	[SPK--TEXTCHAT35]	"ほんとそうですね！変異型のウイルスとか言ってるのもあるしほんとにどうなるか分からなすぎてこわい！！！

マスクをみんなが着けてる社会、ほんとに奇妙な今では普通の社会ですよね。そう思うと少しゾッとします

舞台のチケットとかそこそこいいお値段しますものね！バイトとかでお金作ってる感じですか？
私はもともとキャストとして舞台に関わってたんですけど、運営を学んでみたくて、でもキャストに関わるところがいいなと思って演出助手を選んだらハマったって感じです！"
room_52	5	[SPK--TEXTCHAT34]	"変異型も出てきちゃいましたもんねー泣
これからどうなるのか、、、複雑です泣

今ではマスク慣れちゃったけど、よくよく考えると普通じゃないですよね?。慣れって怖いですね。私も最近はマスクするのが普通すぎて、マスクつけてるのに本当にマスクしてるか心配になる時があります笑

わたしは社会人なので給料から趣味に使うお金作ってます！節約してるのであまり使えないですが泣
そうなんですね！すごいー！キャストってことは役者さんされてたんですか?"
room_52	6	[SPK--TEXTCHAT35]	"ほんとそれです。。。冬を超えてみないとなんともですね。。

マスクが体の1部になってる笑
ほんとにマスクしない人が変だと思われるってふとすごい奇妙な光景だなって思います。笑

なるほどなるほど！ちゃんとお仕事もされて趣味も充実してすごいなぁ！節約まで！
そうですー！"
room_52	6	[SPK--TEXTCHAT34]	"そうですね?。今は乾燥してる時期だからけっこう流行っちゃってると思います、また春になって暖かくなれば、収まってくるとは思うんですけど…冬にまた流行っての繰り返しかもですね…。

体の一部になっちゃってます笑
そうですよね！マスクしてなくてトラブルになる人もたまにいるみたいですしね…
奇妙な世の中になりましたよね、、、

いやいや全然です泣
趣味が多いので我慢もしないとなーって思ってます笑
すごいですねー！！キャストをされてた時はどんな役をやられたことあるんですか？"
room_52	6	[SPK--TEXTCHAT34]	役者やるとなると、セリフも覚えないといけないし、発声練習とか大変なイメージがあるので、尊敬します…！
room_52	6	[SPK--TEXTCHAT35]	私はしっかりやってた訳では無いのでそんなにですが、プロの方はほんとにすごいですよね。。。。！！！
room_52	6	[SPK--TEXTCHAT34]	"演劇部に入ってたとか、そういう演技が学べる講座とか受けられたことはあるのですか？
プロの方はほんとすごいですよね！発声もできるしそれだけでうらやましすぎます…！"
room_52	6	[SPK--TEXTCHAT35]	"演劇部に入ってました！英語でミュージカルをする部活でした！

プロの方は努力がすごいですよね。。。。。。"
room_52	7	[SPK--TEXTCHAT34]	"おおー！すごいですねー！！
演技だけでもセリフ覚えたりとかで大変なのに、英語でミュージカルってすごいですね…！英語できるのうらやましいです！泣"
room_52	7	[SPK--TEXTCHAT34]	ほんとプロの方はすごいですよね。私だったら本番でセリフ飛んじゃったらどうしようって思って本番前一睡もできないだろうなーって思います。笑
room_52	7	[SPK--TEXTCHAT34]	なかなかお忙しいですかね…？
room_52	7	[SPK--TEXTCHAT35]	英語は難しいです！が！話せると楽しいです！
room_52	7	[SPK--TEXTCHAT35]	寝ないのは良くないですよ！！！笑
room_52	7	[SPK--TEXTCHAT35]	すみません！今日通し稽古でそのあとも事務作業で遅くなってしまいました！！
room_52	8	[SPK--TEXTCHAT34]	"英語は難しいですね…もう数年勉強してないのでだいぶ忘れてきました笑
話せると楽しいですよね！

けっこうわたしは寝付きが悪いタイプなので、少し不安なことがあるとなかなか寝れなくなっちゃいます笑　緊張するようなことが次の日にあると尚更です泣"
room_52	8	[SPK--TEXTCHAT34]	"大丈夫ですよ、すみません！
お疲れ様です！通し稽古大変ですね…！今はみんなフェイスガードとかマスクしたまま稽古しないといけないでしょうし表情がわかりづらくて大変そうですね…汗"
room_52	8	[SPK--TEXTCHAT34]	あ、フェイスガードなら表情はわかりますね笑
room_52	8	[SPK--TEXTCHAT35]	"話してるとある程度の語彙があれば会話はできる、という、イメージあります！

え?????体に良くない。。。。眠いとほんとに次の日いいパフォーマンスできないですよね"
room_52	8	[SPK--TEXTCHAT35]	"すみません、、ありがとうございます！
マスクしながら歌うのしんどそうです。。。。仕方ないですが。。。"
room_52	8	[SPK--TEXTCHAT35]	フェイスガードもでもかなり掴めなくてしんどいです！！
room_52	8	[SPK--TEXTCHAT34]	"言葉を知っておくだけでだいぶ変わりますよね！文章の大体の意味は汲み取れそうです…！

そうなんですよねー。起きるのが早いので、尚更早く寝ないとダメなんですが、そういう時に限ってすぐ寝付けないという…。笑
昼間がその代わり眠いです笑"
room_52	8	[SPK--TEXTCHAT34]	マスクしながらはしんどいですね…。口の動きも見えないし、ちゃんと話してる声も聞こえなそうです…汗
room_52	8	[SPK--TEXTCHAT34]	そうなんですか！やっぱり顔も見えて声もちゃんと聞こえて、みたいな完璧なものは今の所ないんですかねー…。
room_52	8	[SPK--TEXTCHAT35]	"英会話はほんと単語勝負ですよね！！！

すっごい良くないサイクルですー！！！湯船に浸かったら私はよく寝れます！"
room_52	8	[SPK--TEXTCHAT35]	なんか透明のマスクがあるみたいです笑
room_52	8	[SPK--TEXTCHAT34]	"そうですね！単語をどれだけ知ってるかが重要ですよねー！

湯船毎日入ってますよー！
あたたまるといいですよね！
最近は、どうしても寝れない時は、youtubeでASMR見ると癒されて寝れる時が多くなってきました！"
room_52	8	[SPK--TEXTCHAT34]	"透明のマスクもやっぱり開発してるんですね！笑　そういえばテレビでこの前見たかも?
透明なマスクはなんだか…恥ずかしい気分になりそうな気がします笑"
room_52	9	[SPK--TEXTCHAT35]	いろんな方法でよく眠れることを祈っています。。。！
room_52	9	[SPK--TEXTCHAT35]	"透明のマスクあるらしいです笑
通気口みたいな感じで息はできるけど透明。笑
私もちょっと恥ずかしくなってしまうと思います。笑"
room_52	9	[SPK--TEXTCHAT34]	"ありがとうございます！笑

マスクしてると表情も見えないし、その分安心しちゃってる部分もあるので、透明だと恥ずかしくなりそうですよね！笑
今はマスクしてる時はメイクが適当でもバレないのが楽です。笑"
room_52	9	[SPK--TEXTCHAT35]	"メイク適当でいいのほんとわかります。笑
私もいつもリップ塗らないででて、マスクに着いちゃうから嫌なんだ、といえばいいのが凄いいいです。笑"
room_52	9	[SPK--TEXTCHAT34]	"楽ですよね！
わたしもそうです！マスクするようになってから、口紅とか全然使わなくなりました?！楽ですよね！綺麗につけても、マスクしてればどうせとれちゃうし、と思って…！
あと、マスクを毎日するようになってから、仕事してる日の疲れ方が全然違うことに気付きました笑　コロナ前のマスクしてない素顔で働いてる時の方が疲れがすごかったです…笑"
room_52	10	[SPK--TEXTCHAT35]	"そうそう笑
どうせマスクに着いちゃうし、付いたら外からうっすら色がついてるの見えるのではとか思って付けないです笑"
room_52	10	[SPK--TEXTCHAT35]	マスクを外す方がだめ、という世の中ですものね
room_52	10	[SPK--TEXTCHAT35]	やっぱりエネルギー使ってたってことですね顔出してコミュニケーションしているというのは。。。
room_52	10	[SPK--TEXTCHAT35]	それを聞くとコロナ終わったあとマスクなしに戻れなそうで心配です
room_52	10	[SPK--TEXTCHAT34]	"そうなんですよねー笑
マスクが汚れちゃうし、いちいちマスク変えるのもめんどくさいですからね…笑

マスク外してると冷たい目で見られちゃう世の中ですからね?汗"
room_52	10	[SPK--TEXTCHAT34]	"そうですね?…。表情まで気遣って話してたのが、今は表情を気にしなくていいし楽ですね…笑
戻れなそうです笑　普段の生活はマスク外したくてしょうがないんですけどね?笑
コロナが収まっても、みんなマスクするのが習慣になって、取らない人も多いかもしれないですね…"
room_52	10	[SPK--TEXTCHAT35]	すごい、不思議な世の中ですよね。。。。
room_52	10	[SPK--TEXTCHAT35]	"目だけなんとなく笑っていればいいみたいなとこありますよね。。。。笑
私高校の時もマスクつけていて、大学入って取ったのに、またつけて楽さを思い出してしまいました笑"
room_52	10	[SPK--TEXTCHAT34]	不思議な世の中になってしまいましたね…ある意味、今の世の中が普通じゃないから怖いなって思う時あります…
room_52	10	[SPK--TEXTCHAT34]	"そうなんですよね、笑　とりあえず目だけちゃんと笑ってれば、他は気にしなくていいので楽ですね…！笑
そうなんですね！楽ですもんね?！
気抜いた顔しててもバレない！笑
学生の頃、風邪とかじゃなくても常にマスクしてる人とかたまにいましたけど、やっぱり表情を気にしなくてすむとか、同じような理由なんですかねー？"
room_52	11	[SPK--TEXTCHAT34]	"[SPK--TEXTCHAT35]さんお疲れ様です！
今日すごく寒かったですね、私の地元はうっすら雪降ってました！"
room_52	11	[SPK--TEXTCHAT35]	わかります。。。！
room_52	11	[SPK--TEXTCHAT35]	"なんか冬に寒くて付けてたらそのまま定着してしまった感じです笑
楽ですからねーーーー！！"
room_52	11	[SPK--TEXTCHAT35]	お疲れ様ですー！返信遅くなりました！
room_52	11	[SPK--TEXTCHAT35]	こちらでも降ってました！！！！！！
room_52	11	[SPK--TEXTCHAT35]	めちゃめちゃ寒いですね。。。。
room_52	11	[SPK--TEXTCHAT35]	今お風呂入りましたーーー！！！
room_52	11	[SPK--TEXTCHAT34]	"なるほど…！私も毎年冬は、顔が寒いのでマスクしてること多かったです…！楽ですしね?！
大丈夫ですよー！おつかれ様です！
最近は毎日稽古されてるんですか？"
room_52	11	[SPK--TEXTCHAT34]	めっちゃ寒いです…！私もこれからお風呂入ります！あったまれるお風呂がありがたいですね…！
room_52	12	[SPK--TEXTCHAT34]	おはようございます！
room_52	12	[SPK--TEXTCHAT34]	お稽古でお忙しいですかね…？
room_52	12	[SPK--TEXTCHAT35]	すみませんー！ただいま打ち合わせ終わり帰宅中です！
room_52	12	[SPK--TEXTCHAT35]	顔が寒いのほんと辛いですよね。。。マスクで肌荒れするとかいうのでそれだけ心配です
room_52	12	[SPK--TEXTCHAT35]	そうですね。。。稽古やら打ち合わせやらなんだかんだあります
room_52	12	[SPK--TEXTCHAT35]	お風呂入って体温があがって風邪ひかなくなった気がします！！！
room_52	12	[SPK--TEXTCHAT34]	"打ち合わせお疲れ様です！夜遅くまでお疲れ様です…！

顔が寒いと鼻水も出てきちゃいます…泣
乾燥するからですかね、肌荒れはたしかにあるかもですね…

すごいですね…！何人くらいでいつも稽古とかはされてるんですか？"
room_52	12	[SPK--TEXTCHAT34]	毎日湯船入って、体あっためるの大事ですよね！最近は特にそう思います…！
room_52	13	[SPK--TEXTCHAT34]	"こんにちは！
今日も風強くて寒いですね…！"
room_52	13	[SPK--TEXTCHAT35]	ありがとうございますー！
room_52	13	[SPK--TEXTCHAT35]	鼻が冷たくなりますよね！凍るー！
room_52	13	[SPK--TEXTCHAT35]	"15人弱くらいですね！
稽古場換気しつつなので寒いです笑"
room_52	13	[SPK--TEXTCHAT35]	今日ずっと中で仕事してたら酸素不足だーと思って窓開けたら風がきもちいいです！
room_52	13	[SPK--TEXTCHAT34]	"冷たくなりますね泣　寒い時期はマスクしててありがたいなって思います…！
そうなんですね！15人くらいならまだ良いかもですね！換気しないといけないのが、この時期は辛いですよね泣
冷えちゃいそうなので風邪ひかないように気をつけてくださいね…汗"
room_52	13	[SPK--TEXTCHAT34]	"おお！そうなんですね！
私は今日ずっと家に引きこもってAmazonプライム見てました！笑"
room_52	14	[SPK--TEXTCHAT34]	最近アマプラがけっこうハマってて鬼滅の刃をやっと見始めました…！笑
room_52	14	[SPK--TEXTCHAT35]	"役者さんたちは動いてるのでまだたぶんいいんですけど私達は座ってるのでめちゃ寒いです。。
こないだ膝にのせる暖かい湯たんぽの電気で動く版みたいなの貰ったの思い出したので使ってみようかなとおもいます"
room_52	14	[SPK--TEXTCHAT35]	アマプラ！！
room_52	14	[SPK--TEXTCHAT35]	Amazonに入ってたら見れるやつですよねー！けっこういい映画とか入ってますか？
room_52	14	[SPK--TEXTCHAT35]	私Amazon入ってるんですけど使ったことなくて
room_52	14	[SPK--TEXTCHAT34]	"ああ、そうなんですね…！確かにずっと座ったままでいると寒そうですね…！
いいですね！！湯たんぽの動く版?みたいなのがあるんですね、気になります！
今寒いから今使わないともったいないですよね…！"
room_52	14	[SPK--TEXTCHAT34]	"アマプラに会員登録してれば見れると思います！
映画とかドラマ色々見れますよ！"
room_52	14	[SPK--TEXTCHAT35]	"なんか猫のかたちで、膝に載せると猫乗せてるみたいになります
つかいます！！！！！わすれてた！"
room_52	14	[SPK--TEXTCHAT35]	使ってみようかな。。。。。。
room_52	14	[SPK--TEXTCHAT34]	"かわいいですね！テレビで紹介されてるの見たことある気がします！
いいですよー！Netflixも気になってるんですが、お金がかかるので、とりあえずアマプラだけでいいかなーと思ってます！笑
ドラマとか映画、アニメ見るのすきならおすすめですよ！"
room_52	15	[SPK--TEXTCHAT35]	"ほんとですかー！めっちゃかわいいです。笑
猫飼ってないんですけど猫飼ってる気持ちが体感出来る気がします。笑

Netflixとアマプラで入ってる種類が違うと聞いたことがあります。
好みが分かれそうです！！"
room_52	15	[SPK--TEXTCHAT34]	"癒されそうでいいですねー！うらやましいです！
猫かわいいですよね！わたしも飼ってないんですが猫いいなーって思います。笑"
room_52	15	[SPK--TEXTCHAT34]	猫飼ってる気分になれますね！！
room_52	15	[SPK--TEXTCHAT34]	"被ってるものもあるけど、やっぱり違ってくるのも多いみたいですね！
ネトフリは、嵐の番組があったから、嵐ファンは入ってる人多かったかもしれません…！"
room_52	15	[SPK--TEXTCHAT34]	ネトフリは今際の国のアリスっていうドラマが面白いらしくてハマる人多いみたいですよ！
room_52	16	[SPK--TEXTCHAT35]	"あれを乗せてみて初めて、猫を飼っている人の気持ちがわかりました。笑
どんな体感方法だよ、って感じですね笑

あーーーーーーーー嵐の番組のCM見たことあります！
嵐活動休止しましたね。。衝撃的でした

今際の国のアリスって名前だけ。。ほうほう。
もうすこし落ち着いたら本気で考えてみようかな。。。"
room_52	16	[SPK--TEXTCHAT34]	"猫ってあったかいから膝の上に乗せてるだけで癒し効果ありますよね、、、！！
でも擬似体験できるし素敵ですね！"
room_52	16	[SPK--TEXTCHAT34]	"嵐の番組やるとファンはみんな見るから、一気に会員増えたかもしれないですね…！
休止しちゃいましたね?。なんか実感わかないです笑"
room_52	16	[SPK--TEXTCHAT34]	大々的に宣伝されてた気がします、私も名前しかわからないです汗　漫画が原作みたいですよ！面白いって周りから聞いたんですけどどうするか悩み中です笑
room_52	16	[SPK--TEXTCHAT34]	山崎賢人と土屋太鳳がメインみたいなので、その二人が好きだったら良いかもしれないです！笑
room_52	17	[SPK--TEXTCHAT35]	"こないだの稽古で使ってみましたーー！
なんか猫ちゃん乗せたまま稽古してるようななんかちょっと罪悪感ありました笑

たしかに！商売上手だなぁ?
わかります笑
結構個々でまだテレビ出てますしね笑

時間があったら見てみようと思います！
あ！なるほどなるほど！
俳優さんあんま好きってないので、面白い、とみんなが言うなら見てみようと思います笑"
room_52	17	[SPK--TEXTCHAT34]	いいですね！稽古してる場所けっこう寒いですか?
room_52	17	[SPK--TEXTCHAT34]	"可愛いですね！笑
みんなを癒してくれそう笑"
room_52	17	[SPK--TEXTCHAT34]	動画サイト同士でどこが嵐の番組を配信できるか…争奪戦だったかも？なんて思いました笑
room_52	17	[SPK--TEXTCHAT34]	出てますねー！大野くん以外はテレビで見る機会ありますよね！
room_52	17	[SPK--TEXTCHAT34]	そうなんですか！原作の漫画が男性向けっぽいタッチなので男性のファンが多いかもですが…！気になりますよね！
room_52	17	[SPK--TEXTCHAT34]	最近、漫画をLINE漫画みたいなアプリで読むのにも少しハマってます！
room_52	17	[SPK--TEXTCHAT35]	"今換気の関係で窓開けてて寒いんです。。。！

かわいいーーーー！ってなりました笑
そういう意味ではいいのかも笑
でも私稽古場では厳しい目でみる立場なので良くないのかな笑

たしかにーーーー！！！！Netflixが一世一代の大勝負でお金積んでそうですね笑

それもあって、あんま実感無いのかもです笑

なるほどーーーー！それがNetflixですよね！うーーーーーーーーーん迷いどころですーーー！！！！"
room_52	17	[SPK--TEXTCHAT35]	いいですねーー！！どんな漫画がすきなんですか？
room_52	18	[SPK--TEXTCHAT34]	"あーそうなんですね…寒いですよね泣でも換気しないわけにいかないですもんね…

私の会社のフロアは窓開けてなくても寒いのがほんとつらいです…笑"
room_52	18	[SPK--TEXTCHAT34]	助手さんだと役者の人に色々指示とか出す側ですもんね…！でもそういう面があった方が役者の人が見た時に和むかもしれませんね笑
room_52	18	[SPK--TEXTCHAT34]	そうなんですよねー！テレビじゃなかなか見れない作品が観れるのがネトフリのいいところかも…！お金払っても見たいって思いそうです！
room_52	18	[SPK--TEXTCHAT34]	少女マンガ系が好きです！あとちょっとお笑い系とか笑
room_52	18	[SPK--TEXTCHAT35]	"なんで窓開けなくても寒いんですかーー！！地獄じゃないですか！
風邪ひかないように気をつけてくださいね！！

そなんですそなんです！ちょっと稽古場に和みをもたらしてます笑

ふむーーーーーもう少し調べて見ますー！

そうなんですねー！私も漫画アプリ入れてたときあります！
今よんでるのなんですか？"
room_52	18	[SPK--TEXTCHAT34]	"室内が広いのに、多分暖房が古いのか、なかなか暖まらないです泣
そのせいなのか、血行悪いみたいでしもやけが治らないです泣"
room_52	18	[SPK--TEXTCHAT34]	ありがとうございます！！泣
room_52	18	[SPK--TEXTCHAT34]	ゆるキャラとか、ぬいぐるみとか稽古場に置いてもみんなの癒しになっていいかもしれないですね！笑
room_52	18	[SPK--TEXTCHAT34]	からかい上手の高木さんっていう漫画を今は読んでます！面白いですよー！
room_52	18	[SPK--TEXTCHAT35]	"うわーーーしかもそれ手洗いとかしまくるから手が乾燥して痛くなりそうです。。。！
ハンドクリーム塗ってくださいねー！

からかい上手の高木さんて名前だけ聞いたことあります！！読んだことないー、"
room_52	18	[SPK--TEXTCHAT34]	"いっときよりは良くなったんですが、変にあったまってくるとそれはそれでかゆくなっちゃって笑
暑すぎず寒すぎず、みたいな温度に調整しないといけないのが難しいです笑"
room_52	18	[SPK--TEXTCHAT34]	ありがとうございます！やっぱりアルコールとかよく使うからか、手が乾燥しちゃいますー泣
room_52	18	[SPK--TEXTCHAT34]	かわいい高木さんと、高木さんにいつもからかわれてる男子の話で、面白いですよ！
room_52	19	[SPK--TEXTCHAT34]	おはようございます！
room_52	19	[SPK--TEXTCHAT35]	"つらい。。。結構な時間を過ごす仕事場がそれだと辛いですね。。。
やっぱ毛布とか足にかけたり自分で出来ることをするしかかもですね。。。！

手がボロボロになりますよね泣
私もついに最近クリーム塗り始めました

おもしろそうです笑"
room_52	19	[SPK--TEXTCHAT35]	おはようございますー！！！
room_52	19	[SPK--TEXTCHAT34]	そうなんですよねー汗　去年とはまた職場の環境が変わってるので、初めての経験です…笑
room_52	19	[SPK--TEXTCHAT34]	膝掛けが手放せないです?！笑
room_52	19	[SPK--TEXTCHAT34]	そうなんですよね、、、前はクリーム塗らなくても平気かなと思ってましたが、クリームの必要性を感じてきました笑　大事ですよね！
room_52	19	[SPK--TEXTCHAT35]	"いやーー大変ですよね。。こんなに世界が変わるなんて予想してなかったです！
ひざ掛けのすごさ感じますよね！

ですー！"
room_52	19	[SPK--TEXTCHAT34]	ですよねー笑　去年の今くらいの時期はまさかまだコロナ続いてるなんて思ってなかったです汗
room_52	19	[SPK--TEXTCHAT34]	膝掛け必要ですね！あるのとないのとじゃ、だいぶ違ってきます笑
room_52	20	[SPK--TEXTCHAT35]	"ほんとですーーーーーー
春にかけて収束していくといいですよね！"
room_52	20	[SPK--TEXTCHAT34]	そうですねー！あったかくなってこれば、今よりは収まってきてくれそうですが、早く終わってほしいです?泣
room_52	20	[SPK--TEXTCHAT35]	"ですよねーーーーーーー！
春一番吹きましたし！"
room_52	20	[SPK--TEXTCHAT34]	ですね！
room_52	20	[SPK--TEXTCHAT34]	"今年はこれから雪るんですかねー、降ったとしても積もらないで欲しいですね?
この前少しだけ降りましたが…"
room_52	20	[SPK--TEXTCHAT35]	"積もったら危ないですもんね！電車もとまったりするし！
でもちょっと楽しいですけれど！笑"
room_52	21	[SPK--TEXTCHAT34]	"そうなんですよねー汗　電車に影響出るのが大変です…笑
雪を踏む音はなんだか冬が来たって感じられて少し好きです笑"
room_52	21	[SPK--TEXTCHAT35]	"めちゃわかります笑
白くて綺麗だし笑"
room_52	21	[SPK--TEXTCHAT34]	"そうなんですよね笑
雪景色も綺麗ですよね！写真撮りたくなります笑"
room_52	21	[SPK--TEXTCHAT35]	わかりますーー！こないだ降った時は写真撮りました！
room_52	21	[SPK--TEXTCHAT34]	"いいですね！つい写真撮りたくなりますよね！
この前は仕事中に少し雪がちらつく程度だったので撮れませんでした?泣"
